Orthogroup	Species	Mycoplasma_genitalium	Orthologs
OG0000002	Mycoplasma_hyopneumoniae	gi|3844776|gb|AAC71399.1|	gi|71851739|gb|AAZ44347.1|
OG0000002	Mycoplasma_agalactiae	gi|3844776|gb|AAC71399.1|	gi|290752801|emb|CBH40776.1|
OG0000002	Mycoplasma_gallisepticum	gi|3844776|gb|AAC71399.1|	gi|31541628|gb|AAP56928.1|
OG0000002	Mycoplasma_hyopneumoniae	gi|3844775|gb|AAC71398.1|	gi|71851738|gb|AAZ44346.1|
OG0000002	Mycoplasma_agalactiae	gi|3844775|gb|AAC71398.1|	gi|290752802|emb|CBH40777.1|
OG0000002	Mycoplasma_gallisepticum	gi|3844775|gb|AAC71398.1|	gi|31541629|gb|AAP56929.1|
OG0000002	Mycoplasma_gallisepticum	gi|3845003|gb|AAC71638.1|	gi|284811859|gb|AAP56391.2|
OG0000002	Mycoplasma_agalactiae	gi|1045683|gb|AAC71230.1|	gi|290752894|emb|CBH40869.1|
OG0000002	Mycoplasma_gallisepticum	gi|1045683|gb|AAC71230.1|	gi|284812058|gb|AAP56715.2|
OG0000002	Mycoplasma_hyopneumoniae	gi|3845064|gb|AAC72489.1|, gi|1045740|gb|AAC71283.1|	gi|144227640|gb|AAZ44535.2|
OG0000002	Mycoplasma_agalactiae	gi|3845064|gb|AAC72489.1|, gi|1045740|gb|AAC71283.1|	gi|290753081|emb|CBH41057.1|
OG0000002	Mycoplasma_gallisepticum	gi|3845064|gb|AAC72489.1|, gi|1045740|gb|AAC71283.1|	gi|31541070|gb|AAP56372.1|
OG0000002	Mycoplasma_agalactiae	gi|1045987|gb|AAC71511.1|	gi|290752526|emb|CBH40498.1|
OG0000002	Mycoplasma_hyopneumoniae	gi|1045987|gb|AAC71511.1|	gi|71851837|gb|AAZ44445.1|
OG0000002	Mycoplasma_gallisepticum	gi|1045987|gb|AAC71511.1|	gi|31541268|gb|AAP56569.1|
OG0000006	Mycoplasma_hyopneumoniae	gi|3844927|gb|AAC71569.1|, gi|3844907|gb|AAC71551.1|, gi|1046010|gb|AAC71532.1|	gi|144227478|gb|AAZ44221.2|
OG0000006	Mycoplasma_agalactiae	gi|3844927|gb|AAC71569.1|, gi|3844907|gb|AAC71551.1|, gi|1046010|gb|AAC71532.1|	gi|290752766|emb|CBH40741.1|, gi|290752269|emb|CBH40240.1|, gi|290752270|emb|CBH40241.1|, gi|290752490|emb|CBH40462.1|, gi|290752414|emb|CBH40385.1|
OG0000006	Mycoplasma_gallisepticum	gi|3844907|gb|AAC71551.1|	gi|31541382|gb|AAP56683.1|
OG0000006	Mycoplasma_gallisepticum	gi|1046010|gb|AAC71532.1|	gi|31541260|gb|AAP56562.1|
OG0000007	Mycoplasma_hyopneumoniae	gi|3844628|gb|AAC71235.1|, gi|3844797|gb|AAC71418.1|	gi|71851550|gb|AAZ44158.1|
OG0000007	Mycoplasma_agalactiae	gi|3844628|gb|AAC71235.1|, gi|3844797|gb|AAC71418.1|	gi|290753066|emb|CBH41042.1|
OG0000007	Mycoplasma_gallisepticum	gi|3844628|gb|AAC71235.1|	gi|284811924|gb|AAP56500.2|, gi|284811927|gb|ADB96855.1|
OG0000007	Mycoplasma_gallisepticum	gi|3844797|gb|AAC71418.1|	gi|284811928|gb|ADB96856.1|, gi|31541383|gb|AAP56684.1|, gi|31541331|gb|AAP56632.1|, gi|31541124|gb|AAP56426.1|, gi|31541333|gb|AAP56634.1|
OG0000009	Mycoplasma_gallisepticum	gi|3844716|gb|AAC71343.1|, gi|3844861|gb|AAC71487.1|	gi|284812191|gb|AAP56899.2|
OG0000009	Mycoplasma_hyopneumoniae	gi|3844716|gb|AAC71343.1|, gi|3844861|gb|AAC71487.1|	gi|144227627|gb|AAZ44519.2|
OG0000009	Mycoplasma_agalactiae	gi|3844716|gb|AAC71343.1|, gi|3844861|gb|AAC71487.1|	gi|290752822|emb|CBH40797.1|, gi|290752964|emb|CBH40939.1|
OG0000009	Mycoplasma_hyopneumoniae	gi|3844859|gb|AAC71485.1|	gi|71851687|gb|AAZ44295.1|
OG0000009	Mycoplasma_agalactiae	gi|3844859|gb|AAC71485.1|	gi|290752696|emb|CBH40670.1|
OG0000009	Mycoplasma_gallisepticum	gi|3844859|gb|AAC71485.1|	gi|31541320|gb|AAP56621.1|
OG0000013	Mycoplasma_agalactiae	gi|1045671|gb|AAC71219.1|	gi|290753075|emb|CBH41051.1|
OG0000013	Mycoplasma_hyopneumoniae	gi|1045671|gb|AAC71219.1|	gi|71851590|gb|AAZ44198.1|
OG0000013	Mycoplasma_gallisepticum	gi|1045671|gb|AAC71219.1|	gi|31541775|gb|AAP57074.1|
OG0000013	Mycoplasma_hyopneumoniae	gi|3844801|gb|AAC71421.1|	gi|71851516|gb|AAZ44124.1|
OG0000013	Mycoplasma_agalactiae	gi|3844801|gb|AAC71421.1|	gi|290752440|emb|CBH40411.1|
OG0000013	Mycoplasma_gallisepticum	gi|3844801|gb|AAC71421.1|	gi|284812100|gb|AAP56770.2|
OG0000014	Mycoplasma_hyopneumoniae	gi|1045672|gb|AAC71220.1|	gi|144227680|gb|AAZ44615.2|
OG0000014	Mycoplasma_agalactiae	gi|1045672|gb|AAC71220.1|	gi|290752858|emb|CBH40833.1|
OG0000014	Mycoplasma_gallisepticum	gi|1045672|gb|AAC71220.1|	gi|31541774|gb|AAP57073.1|
OG0000014	Mycoplasma_hyopneumoniae	gi|3844802|gb|AAC71422.1|	gi|71851515|gb|AAZ44123.1|
OG0000014	Mycoplasma_agalactiae	gi|3844802|gb|AAC71422.1|	gi|290752441|emb|CBH40412.1|
OG0000014	Mycoplasma_gallisepticum	gi|3844802|gb|AAC71422.1|	gi|284812099|gb|AAP56769.2|
OG0000015	Mycoplasma_agalactiae	gi|3844958|gb|AAC71597.1|	gi|290753056|emb|CBH41032.1|
OG0000015	Mycoplasma_hyopneumoniae	gi|3844958|gb|AAC71597.1|	gi|71851501|gb|AAZ44109.1|
OG0000015	Mycoplasma_gallisepticum	gi|3844958|gb|AAC71597.1|	gi|31541547|gb|AAP56847.1|
OG0000015	Mycoplasma_agalactiae	gi|3844807|gb|AAC71427.1|	gi|290752997|emb|CBH40973.1|
OG0000015	Mycoplasma_hyopneumoniae	gi|3844807|gb|AAC71427.1|	gi|144227643|gb|AAZ44541.2|
OG0000015	Mycoplasma_gallisepticum	gi|3844807|gb|AAC71427.1|	gi|284811965|gb|AAP56559.2|
OG0000017	Mycoplasma_hyopneumoniae	gi|3845025|gb|AAC72453.1|, gi|3845036|gb|AAC72463.1|	gi|144227479|gb|AAZ44222.2|
OG0000017	Mycoplasma_gallisepticum	gi|3845025|gb|AAC72453.1|, gi|3845036|gb|AAC72463.1|	gi|31541673|gb|AAP56973.1|
OG0000017	Mycoplasma_agalactiae	gi|3845025|gb|AAC72453.1|	gi|290752376|emb|CBH40347.1|
OG0000017	Mycoplasma_agalactiae	gi|3845036|gb|AAC72463.1|	gi|290753074|emb|CBH41050.1|
OG0000024	Mycoplasma_agalactiae	gi|3845040|gb|AAC72467.1|	gi|290752435|emb|CBH40406.1|
OG0000024	Mycoplasma_gallisepticum	gi|3845040|gb|AAC72467.1|	gi|284811929|gb|AAP56506.2|, gi|284811925|gb|AAP56502.2|, gi|31541203|gb|AAP56505.1|, gi|284811978|gb|AAP56579.2|
OG0000025	Mycoplasma_hyopneumoniae	gi|3844741|gb|AAC71366.1|	gi|144227465|gb|AAZ44185.2|
OG0000025	Mycoplasma_agalactiae	gi|3844741|gb|AAC71366.1|	gi|290752576|emb|CBH40548.1|, gi|290752559|emb|CBH40531.1|, gi|290752737|emb|CBH40712.1|, gi|290752921|emb|CBH40896.1|
OG0000027	Mycoplasma_agalactiae	gi|3844906|gb|AAC71550.1|, gi|84626127|gb|AAC72470.2|	gi|290753070|emb|CBH41046.1|, gi|290752578|emb|CBH40550.1|
OG0000027	Mycoplasma_gallisepticum	gi|3844906|gb|AAC71550.1|	gi|284812024|gb|AAP56660.2|
OG0000027	Mycoplasma_gallisepticum	gi|84626127|gb|AAC72470.2|	gi|284811976|gb|AAP56577.2|
OG0000028	Mycoplasma_hyopneumoniae	gi|3845041|gb|AAC72468.1|, gi|3845001|gb|AAC71636.1|	gi|71852008|gb|AAZ44616.1|
OG0000028	Mycoplasma_agalactiae	gi|3845041|gb|AAC72468.1|, gi|3845001|gb|AAC71636.1|	gi|290752594|emb|CBH40566.1|
OG0000028	Mycoplasma_gallisepticum	gi|3845041|gb|AAC72468.1|	gi|284812144|gb|AAP56826.2|
OG0000028	Mycoplasma_gallisepticum	gi|3845001|gb|AAC71636.1|	gi|284812281|gb|AAP57051.2|
OG0000029	Mycoplasma_agalactiae	gi|84626159|gb|AAC71409.2|	gi|290752705|emb|CBH40679.1|
OG0000029	Mycoplasma_hyopneumoniae	gi|84626159|gb|AAC71409.2|	gi|144227420|gb|AAZ44100.2|
OG0000029	Mycoplasma_gallisepticum	gi|84626159|gb|AAC71409.2|	gi|284811856|gb|AAP56387.2|
OG0000030	Mycoplasma_agalactiae	gi|3844856|gb|AAC71481.1|, gi|3844781|gb|AAC71404.1|	gi|290752785|emb|CBH40760.1|
OG0000030	Mycoplasma_hyopneumoniae	gi|3844856|gb|AAC71481.1|, gi|3844781|gb|AAC71404.1|	gi|144227597|gb|AAZ44450.2|, gi|144227598|gb|AAZ44451.2|
OG0000030	Mycoplasma_gallisepticum	gi|3844856|gb|AAC71481.1|, gi|3844781|gb|AAC71404.1|	gi|284811853|gb|AAP56382.2|
OG0000033	Mycoplasma_hyopneumoniae	gi|3845066|gb|AAC72490.1|	gi|144227417|gb|AAZ44095.2|
OG0000033	Mycoplasma_gallisepticum	gi|3845066|gb|AAC72490.1|	gi|31541051|gb|AAP56353.1|
OG0000033	Mycoplasma_agalactiae	gi|3845066|gb|AAC72490.1|	gi|290752267|emb|CBH40238.1|, gi|290752987|emb|CBH40963.1|
OG0000034	Mycoplasma_agalactiae	gi|3844864|gb|AAC71490.1|	gi|290752284|emb|CBH40255.1|, gi|290752283|emb|CBH40254.1|
OG0000034	Mycoplasma_gallisepticum	gi|3844864|gb|AAC71490.1|	gi|284812152|gb|AAP56841.2|, gi|284812151|gb|AAP56840.2|
OG0000036	Mycoplasma_hyopneumoniae	gi|3844880|gb|AAC71523.1|	gi|71851517|gb|AAZ44125.1|
OG0000036	Mycoplasma_agalactiae	gi|3844880|gb|AAC71523.1|	gi|290752320|emb|CBH40291.1|
OG0000036	Mycoplasma_gallisepticum	gi|3844880|gb|AAC71523.1|	gi|31541360|gb|AAP56661.1|, gi|284812198|gb|AAP56912.2|
OG0000037	Mycoplasma_hyopneumoniae	gi|1045754|gb|AAC71295.1|	gi|144227666|gb|AAZ44587.2|
OG0000037	Mycoplasma_agalactiae	gi|1045754|gb|AAC71295.1|	gi|290752370|emb|CBH40341.1|
OG0000037	Mycoplasma_gallisepticum	gi|1045754|gb|AAC71295.1|	gi|284812162|gb|ADB96883.1|, gi|284812163|gb|ADB96884.1|
OG0000038	Mycoplasma_hyopneumoniae	gi|3844878|gb|AAC71521.1|	gi|71851984|gb|AAZ44592.1|
OG0000038	Mycoplasma_agalactiae	gi|3844878|gb|AAC71521.1|	gi|290752403|emb|CBH40374.1|, gi|290752774|emb|CBH40749.1|
OG0000038	Mycoplasma_gallisepticum	gi|3844878|gb|AAC71521.1|	gi|284812229|gb|AAP56971.2|
OG0000039	Mycoplasma_hyopneumoniae	gi|3844941|gb|AAC71582.1|	gi|71851983|gb|AAZ44591.1|
OG0000039	Mycoplasma_agalactiae	gi|3844941|gb|AAC71582.1|	gi|290752404|emb|CBH40375.1|, gi|290752775|emb|CBH40750.1|
OG0000039	Mycoplasma_gallisepticum	gi|3844941|gb|AAC71582.1|	gi|284812148|gb|AAP56837.2|
OG0000040	Mycoplasma_hyopneumoniae	gi|3844630|gb|AAC71237.1|	gi|71851887|gb|AAZ44495.1|
OG0000040	Mycoplasma_agalactiae	gi|3844630|gb|AAC71237.1|	gi|290752463|emb|CBH40435.1|
OG0000040	Mycoplasma_gallisepticum	gi|3844630|gb|AAC71237.1|	gi|31541205|gb|AAP56507.1|, gi|284811926|gb|AAP56503.2|
OG0000041	Mycoplasma_agalactiae	gi|3844701|gb|AAC71330.1|	gi|290752471|emb|CBH40443.1|
OG0000041	Mycoplasma_hyopneumoniae	gi|3844701|gb|AAC71330.1|	gi|71852038|gb|AAZ44646.1|, gi|144227490|gb|AAZ44238.2|
OG0000041	Mycoplasma_gallisepticum	gi|3844701|gb|AAC71330.1|	gi|284812236|gb|AAP56985.2|
OG0000045	Mycoplasma_hyopneumoniae	gi|84626160|gb|AAC71265.2|	gi|71851566|gb|AAZ44174.1|
OG0000045	Mycoplasma_agalactiae	gi|84626160|gb|AAC71265.2|	gi|290752681|emb|CBH40654.1|, gi|290752794|emb|CBH40769.1|
OG0000045	Mycoplasma_gallisepticum	gi|84626160|gb|AAC71265.2|	gi|284812214|gb|AAP56936.2|
OG0000046	Mycoplasma_hyopneumoniae	gi|3844881|gb|AAC71524.1|, gi|3844777|gb|AAC71400.1|	gi|71851740|gb|AAZ44348.1|
OG0000046	Mycoplasma_agalactiae	gi|3844881|gb|AAC71524.1|, gi|3844777|gb|AAC71400.1|	gi|290752800|emb|CBH40775.1|
OG0000046	Mycoplasma_gallisepticum	gi|3844881|gb|AAC71524.1|, gi|3844777|gb|AAC71400.1|	gi|31541627|gb|AAP56927.1|
OG0000047	Mycoplasma_hyopneumoniae	gi|3844982|gb|AAC71619.1|	gi|144227646|gb|AAZ44547.2|
OG0000047	Mycoplasma_agalactiae	gi|3844982|gb|AAC71619.1|	gi|290753026|emb|CBH41002.1|, gi|290752884|emb|CBH40859.1|
OG0000047	Mycoplasma_gallisepticum	gi|3844982|gb|AAC71619.1|	gi|284812126|gb|AAP56803.2|
OG0000048	Mycoplasma_hyopneumoniae	gi|3844715|gb|AAC71342.1|	gi|71851860|gb|AAZ44468.1|
OG0000048	Mycoplasma_agalactiae	gi|3844715|gb|AAC71342.1|	gi|290753076|emb|CBH41052.1|
OG0000048	Mycoplasma_gallisepticum	gi|3844715|gb|AAC71342.1|	gi|31541133|gb|AAP56435.1|, gi|284812234|gb|AAP56983.2|
OG0000049	Mycoplasma_hyopneumoniae	gi|3845063|gb|AAC72488.1|, gi|3844662|gb|AAC71282.1|	gi|144227641|gb|AAZ44536.2|
OG0000049	Mycoplasma_agalactiae	gi|3845063|gb|AAC72488.1|, gi|3844662|gb|AAC71282.1|	gi|290753082|emb|CBH41058.1|
OG0000049	Mycoplasma_gallisepticum	gi|3845063|gb|AAC72488.1|, gi|3844662|gb|AAC71282.1|	gi|31541069|gb|AAP56371.1|
OG0000050	Mycoplasma_gallisepticum	gi|3845046|gb|AAC72472.1|	gi|31541604|gb|AAP56904.1|
OG0000050	Mycoplasma_gallisepticum	gi|84626135|gb|AAC71350.2|	gi|31541605|gb|AAP56905.1|, gi|31541606|gb|AAP56906.1|
OG0000051	Mycoplasma_gallisepticum	gi|84626129|gb|AAC71531.2|, gi|3844886|gb|AAC71529.1|, gi|84626137|gb|AAC71563.2|	gi|284812199|gb|AAP56913.2|, gi|284812196|gb|AAP56908.2|
OG0000054	Mycoplasma_hyopneumoniae	gi|3844709|gb|AAC71337.1|	gi|144227723|gb|AAZ44691.2|
OG0000054	Mycoplasma_agalactiae	gi|3844709|gb|AAC71337.1|	gi|290752280|emb|CBH40251.1|
OG0000054	Mycoplasma_gallisepticum	gi|3844709|gb|AAC71337.1|	gi|284812216|gb|AAP56939.2|
OG0000055	Mycoplasma_hyopneumoniae	gi|3844710|gb|AAC71338.1|	gi|71852084|gb|AAZ44692.1|
OG0000055	Mycoplasma_agalactiae	gi|3844710|gb|AAC71338.1|	gi|290752281|emb|CBH40252.1|
OG0000055	Mycoplasma_gallisepticum	gi|3844710|gb|AAC71338.1|	gi|31541638|gb|AAP56938.1|
OG0000056	Mycoplasma_hyopneumoniae	gi|3844711|gb|AAC71339.1|	gi|144227724|gb|AAZ44693.2|
OG0000056	Mycoplasma_agalactiae	gi|3844711|gb|AAC71339.1|	gi|290752282|emb|CBH40253.1|
OG0000056	Mycoplasma_gallisepticum	gi|3844711|gb|AAC71339.1|	gi|284812215|gb|AAP56937.2|
OG0000058	Mycoplasma_hyopneumoniae	gi|3844851|gb|AAC71473.1|	gi|144227739|gb|AAZ44724.2|
OG0000058	Mycoplasma_agalactiae	gi|3844851|gb|AAC71473.1|	gi|290752304|emb|CBH40275.1|
OG0000058	Mycoplasma_gallisepticum	gi|3844851|gb|AAC71473.1|	gi|284812267|gb|AAP57029.2|
OG0000059	Mycoplasma_hyopneumoniae	gi|3844850|gb|AAC71472.1|	gi|71852115|gb|AAZ44723.1|
OG0000059	Mycoplasma_agalactiae	gi|3844850|gb|AAC71472.1|	gi|290752305|emb|CBH40276.1|
OG0000059	Mycoplasma_gallisepticum	gi|3844850|gb|AAC71472.1|	gi|31541729|gb|AAP57028.1|
OG0000060	Mycoplasma_hyopneumoniae	gi|1045727|gb|AAC71270.1|	gi|71852112|gb|AAZ44720.1|
OG0000060	Mycoplasma_agalactiae	gi|1045727|gb|AAC71270.1|	gi|290752309|emb|CBH40280.1|
OG0000060	Mycoplasma_gallisepticum	gi|1045727|gb|AAC71270.1|	gi|284812244|gb|AAP56997.2|
OG0000061	Mycoplasma_hyopneumoniae	gi|3845027|gb|AAC72455.1|	gi|71852014|gb|AAZ44622.1|
OG0000061	Mycoplasma_agalactiae	gi|3845027|gb|AAC72455.1|	gi|290752311|emb|CBH40282.1|
OG0000061	Mycoplasma_gallisepticum	gi|3845027|gb|AAC72455.1|	gi|284811883|gb|AAP56439.2|
OG0000062	Mycoplasma_hyopneumoniae	gi|3845028|gb|AAC72456.1|	gi|144227682|gb|AAZ44621.2|
OG0000062	Mycoplasma_agalactiae	gi|3845028|gb|AAC72456.1|	gi|290752312|emb|CBH40283.1|
OG0000062	Mycoplasma_gallisepticum	gi|3845028|gb|AAC72456.1|	gi|284811884|gb|AAP56440.2|
OG0000063	Mycoplasma_hyopneumoniae	gi|3845058|gb|AAC72483.1|	gi|144227742|gb|AAZ44735.2|
OG0000063	Mycoplasma_agalactiae	gi|3845058|gb|AAC72483.1|	gi|290752316|emb|CBH40287.1|
OG0000063	Mycoplasma_gallisepticum	gi|3845058|gb|AAC72483.1|	gi|284811837|gb|AAP56360.2|
OG0000064	Mycoplasma_hyopneumoniae	gi|1045677|gb|AAC71225.1|	gi|144227743|gb|AAZ44736.2|
OG0000064	Mycoplasma_agalactiae	gi|1045677|gb|AAC71225.1|	gi|290752317|emb|CBH40288.1|
OG0000064	Mycoplasma_gallisepticum	gi|1045677|gb|AAC71225.1|	gi|284812295|gb|AAP57068.2|
OG0000065	Mycoplasma_hyopneumoniae	gi|1045676|gb|AAC71224.1|	gi|71851688|gb|AAZ44296.1|
OG0000065	Mycoplasma_agalactiae	gi|1045676|gb|AAC71224.1|	gi|290752318|emb|CBH40289.1|
OG0000065	Mycoplasma_gallisepticum	gi|1045676|gb|AAC71224.1|	gi|284812296|gb|AAP57069.2|
OG0000066	Mycoplasma_hyopneumoniae	gi|1045673|gb|AAC71221.1|	gi|144227531|gb|AAZ44334.2|
OG0000066	Mycoplasma_agalactiae	gi|1045673|gb|AAC71221.1|	gi|290752321|emb|CBH40292.1|
OG0000066	Mycoplasma_gallisepticum	gi|1045673|gb|AAC71221.1|	gi|284812299|gb|AAP57072.2|
OG0000067	Mycoplasma_hyopneumoniae	gi|3845061|gb|AAC72486.1|	gi|71852151|gb|AAZ44759.1|
OG0000067	Mycoplasma_agalactiae	gi|3845061|gb|AAC72486.1|	gi|290752323|emb|CBH40294.1|
OG0000067	Mycoplasma_gallisepticum	gi|3845061|gb|AAC72486.1|	gi|31541055|gb|AAP56357.1|
OG0000068	Mycoplasma_hyopneumoniae	gi|3845060|gb|AAC72485.1|	gi|71852150|gb|AAZ44758.1|
OG0000068	Mycoplasma_agalactiae	gi|3845060|gb|AAC72485.1|	gi|290752324|emb|CBH40295.1|
OG0000068	Mycoplasma_gallisepticum	gi|3845060|gb|AAC72485.1|	gi|284811836|gb|AAP56358.2|
OG0000069	Mycoplasma_hyopneumoniae	gi|3845059|gb|AAC72484.1|	gi|71852149|gb|AAZ44757.1|
OG0000069	Mycoplasma_agalactiae	gi|3845059|gb|AAC72484.1|	gi|290752325|emb|CBH40296.1|
OG0000069	Mycoplasma_gallisepticum	gi|3845059|gb|AAC72484.1|	gi|31541057|gb|AAP56359.1|
OG0000070	Mycoplasma_hyopneumoniae	gi|1045964|gb|AAC71492.1|	gi|144227533|gb|AAZ44337.2|
OG0000070	Mycoplasma_agalactiae	gi|1045964|gb|AAC71492.1|	gi|290752326|emb|CBH40297.1|
OG0000070	Mycoplasma_gallisepticum	gi|1045964|gb|AAC71492.1|	gi|31541531|gb|AAP56831.1|
OG0000071	Mycoplasma_hyopneumoniae	gi|3844641|gb|AAC71247.1|	gi|71852011|gb|AAZ44619.1|
OG0000071	Mycoplasma_agalactiae	gi|3844641|gb|AAC71247.1|	gi|290752330|emb|CBH40301.1|
OG0000071	Mycoplasma_gallisepticum	gi|3844641|gb|AAC71247.1|	gi|284811887|gb|AAP56444.2|
OG0000072	Mycoplasma_hyopneumoniae	gi|3844791|gb|AAC71412.1|	gi|144227545|gb|AAZ44356.2|
OG0000072	Mycoplasma_agalactiae	gi|3844791|gb|AAC71412.1|	gi|290752332|emb|CBH40303.1|
OG0000072	Mycoplasma_gallisepticum	gi|3844791|gb|AAC71412.1|	gi|284812054|gb|AAP56711.2|
OG0000073	Mycoplasma_hyopneumoniae	gi|3844685|gb|AAC71315.1|	gi|144227477|gb|AAZ44218.2|
OG0000073	Mycoplasma_agalactiae	gi|3844685|gb|AAC71315.1|	gi|290752333|emb|CBH40304.1|
OG0000073	Mycoplasma_gallisepticum	gi|3844685|gb|AAC71315.1|	gi|31541659|gb|AAP56959.1|
OG0000074	Mycoplasma_hyopneumoniae	gi|3844792|gb|AAC71413.1|	gi|71851749|gb|AAZ44357.1|
OG0000074	Mycoplasma_agalactiae	gi|3844792|gb|AAC71413.1|	gi|290752334|emb|CBH40305.1|
OG0000074	Mycoplasma_gallisepticum	gi|3844792|gb|AAC71413.1|	gi|284812055|gb|AAP56712.2|
OG0000075	Mycoplasma_hyopneumoniae	gi|3844985|gb|AAC71622.1|	gi|71851701|gb|AAZ44309.1|
OG0000075	Mycoplasma_agalactiae	gi|3844985|gb|AAC71622.1|	gi|290752335|emb|CBH40306.1|
OG0000075	Mycoplasma_gallisepticum	gi|3844985|gb|AAC71622.1|	gi|284812015|gb|AAP56640.2|
OG0000076	Mycoplasma_hyopneumoniae	gi|3844918|gb|AAC71561.1|	gi|71851643|gb|AAZ44251.1|
OG0000076	Mycoplasma_agalactiae	gi|3844918|gb|AAC71561.1|	gi|290752337|emb|CBH40308.1|
OG0000076	Mycoplasma_gallisepticum	gi|3844918|gb|AAC71561.1|	gi|284812009|gb|AAP56629.2|
OG0000077	Mycoplasma_hyopneumoniae	gi|3844944|gb|AAC71585.1|	gi|144227440|gb|AAZ44135.2|
OG0000077	Mycoplasma_agalactiae	gi|3844944|gb|AAC71585.1|	gi|290752339|emb|CBH40310.1|
OG0000077	Mycoplasma_gallisepticum	gi|3844944|gb|AAC71585.1|	gi|284812207|gb|AAP56923.2|
OG0000078	Mycoplasma_hyopneumoniae	gi|84626151|gb|AAC71461.2|	gi|144227652|gb|AAZ44559.2|
OG0000078	Mycoplasma_agalactiae	gi|84626151|gb|AAC71461.2|	gi|290752340|emb|CBH40311.1|
OG0000078	Mycoplasma_gallisepticum	gi|84626151|gb|AAC71461.2|	gi|284812097|gb|AAP56767.2|
OG0000079	Mycoplasma_hyopneumoniae	gi|3844632|gb|AAC71239.1|	gi|71851500|gb|AAZ44108.1|
OG0000079	Mycoplasma_agalactiae	gi|3844632|gb|AAC71239.1|	gi|290752344|emb|CBH40315.1|
OG0000079	Mycoplasma_gallisepticum	gi|3844632|gb|AAC71239.1|	gi|284812255|gb|AAP57011.2|
OG0000080	Mycoplasma_hyopneumoniae	gi|3844668|gb|AAC71299.1|	gi|71851935|gb|AAZ44543.1|
OG0000080	Mycoplasma_agalactiae	gi|3844668|gb|AAC71299.1|	gi|290752346|emb|CBH40317.1|
OG0000080	Mycoplasma_gallisepticum	gi|3844668|gb|AAC71299.1|	gi|31541714|gb|AAP57014.1|
OG0000081	Mycoplasma_hyopneumoniae	gi|3844669|gb|AAC71300.1|	gi|71851934|gb|AAZ44542.1|
OG0000081	Mycoplasma_agalactiae	gi|3844669|gb|AAC71300.1|	gi|290752347|emb|CBH40318.1|
OG0000081	Mycoplasma_gallisepticum	gi|3844669|gb|AAC71300.1|	gi|31541715|gb|AAP57015.1|
OG0000082	Mycoplasma_hyopneumoniae	gi|3844929|gb|AAC71571.1|	gi|144227485|gb|AAZ44230.2|
OG0000082	Mycoplasma_agalactiae	gi|3844929|gb|AAC71571.1|	gi|290752351|emb|CBH40322.1|
OG0000082	Mycoplasma_gallisepticum	gi|3844929|gb|AAC71571.1|	gi|284812027|gb|AAP56668.2|
OG0000083	Mycoplasma_hyopneumoniae	gi|3845035|gb|AAC72462.1|	gi|71851569|gb|AAZ44177.1|
OG0000083	Mycoplasma_agalactiae	gi|3845035|gb|AAC72462.1|	gi|290752354|emb|CBH40325.1|
OG0000083	Mycoplasma_gallisepticum	gi|3845035|gb|AAC72462.1|	gi|284812230|gb|AAP56972.2|
OG0000084	Mycoplasma_hyopneumoniae	gi|3844673|gb|AAC71304.1|	gi|144227467|gb|AAZ44188.2|
OG0000084	Mycoplasma_agalactiae	gi|3844673|gb|AAC71304.1|	gi|290752357|emb|CBH40328.1|
OG0000084	Mycoplasma_gallisepticum	gi|3844673|gb|AAC71304.1|	gi|31541766|gb|AAP57065.1|
OG0000085	Mycoplasma_hyopneumoniae	gi|3844690|gb|AAC71320.1|	gi|71851581|gb|AAZ44189.1|
OG0000085	Mycoplasma_agalactiae	gi|3844690|gb|AAC71320.1|	gi|290752358|emb|CBH40329.1|
OG0000085	Mycoplasma_gallisepticum	gi|3844690|gb|AAC71320.1|	gi|284812132|gb|AAP56811.2|
OG0000086	Mycoplasma_hyopneumoniae	gi|3844867|gb|AAC71496.1|	gi|71851595|gb|AAZ44203.1|
OG0000086	Mycoplasma_agalactiae	gi|3844867|gb|AAC71496.1|	gi|290752360|emb|CBH40331.1|
OG0000086	Mycoplasma_gallisepticum	gi|3844867|gb|AAC71496.1|	gi|31541535|gb|AAP56835.1|
OG0000087	Mycoplasma_hyopneumoniae	gi|3844866|gb|AAC71495.1|	gi|71851596|gb|AAZ44204.1|
OG0000087	Mycoplasma_agalactiae	gi|3844866|gb|AAC71495.1|	gi|290752361|emb|CBH40332.1|
OG0000087	Mycoplasma_gallisepticum	gi|3844866|gb|AAC71495.1|	gi|284812147|gb|AAP56834.2|
OG0000088	Mycoplasma_hyopneumoniae	gi|1045966|gb|AAC71494.1|	gi|71851981|gb|AAZ44589.1|
OG0000088	Mycoplasma_agalactiae	gi|1045966|gb|AAC71494.1|	gi|290752363|emb|CBH40334.1|
OG0000088	Mycoplasma_gallisepticum	gi|1045966|gb|AAC71494.1|	gi|31541533|gb|AAP56833.1|
OG0000089	Mycoplasma_hyopneumoniae	gi|1045965|gb|AAC71493.1|	gi|71851982|gb|AAZ44590.1|
OG0000089	Mycoplasma_agalactiae	gi|1045965|gb|AAC71493.1|	gi|290752364|emb|CBH40335.1|
OG0000089	Mycoplasma_gallisepticum	gi|1045965|gb|AAC71493.1|	gi|31541532|gb|AAP56832.1|
OG0000090	Mycoplasma_hyopneumoniae	gi|3845019|gb|AAC72447.1|	gi|71851602|gb|AAZ44210.1|
OG0000090	Mycoplasma_agalactiae	gi|3845019|gb|AAC72447.1|	gi|290752365|emb|CBH40336.1|
OG0000090	Mycoplasma_gallisepticum	gi|3845019|gb|AAC72447.1|	gi|284812174|gb|AAP56880.2|
OG0000091	Mycoplasma_hyopneumoniae	gi|3844639|gb|AAC71245.1|	gi|144227532|gb|AAZ44335.2|
OG0000091	Mycoplasma_gallisepticum	gi|3844639|gb|AAC71245.1|	gi|284811933|gb|AAP56511.2|
OG0000091	Mycoplasma_agalactiae	gi|3844639|gb|AAC71245.1|	gi|290752366|emb|CBH40337.1|
OG0000092	Mycoplasma_hyopneumoniae	gi|1045755|gb|AAC71296.1|	gi|71851978|gb|AAZ44586.1|
OG0000092	Mycoplasma_agalactiae	gi|1045755|gb|AAC71296.1|	gi|290752371|emb|CBH40342.1|
OG0000092	Mycoplasma_gallisepticum	gi|1045755|gb|AAC71296.1|	gi|31541565|gb|AAP56865.1|
OG0000093	Mycoplasma_hyopneumoniae	gi|1045756|gb|AAC71297.1|	gi|71851977|gb|AAZ44585.1|
OG0000093	Mycoplasma_agalactiae	gi|1045756|gb|AAC71297.1|	gi|290752372|emb|CBH40343.1|
OG0000093	Mycoplasma_gallisepticum	gi|1045756|gb|AAC71297.1|	gi|284812161|gb|AAP56864.2|
OG0000094	Mycoplasma_hyopneumoniae	gi|1045757|gb|AAC71298.1|	gi|144227665|gb|AAZ44584.2|
OG0000094	Mycoplasma_agalactiae	gi|1045757|gb|AAC71298.1|	gi|290752373|emb|CBH40344.1|
OG0000094	Mycoplasma_gallisepticum	gi|1045757|gb|AAC71298.1|	gi|284812160|gb|AAP56863.2|
OG0000095	Mycoplasma_hyopneumoniae	gi|3844988|gb|AAC71624.1|	gi|71852054|gb|AAZ44662.1|
OG0000095	Mycoplasma_agalactiae	gi|3844988|gb|AAC71624.1|	gi|290752378|emb|CBH40349.1|
OG0000095	Mycoplasma_gallisepticum	gi|3844988|gb|AAC71624.1|	gi|284811919|gb|AAP56490.2|
OG0000096	Mycoplasma_hyopneumoniae	gi|3844981|gb|AAC71618.1|	gi|71851639|gb|AAZ44247.1|
OG0000096	Mycoplasma_agalactiae	gi|3844981|gb|AAC71618.1|	gi|290752379|emb|CBH40350.1|
OG0000096	Mycoplasma_gallisepticum	gi|3844981|gb|AAC71618.1|	gi|284812083|gb|AAP56746.2|
OG0000097	Mycoplasma_hyopneumoniae	gi|84626130|gb|AAC71615.2|	gi|71851637|gb|AAZ44245.1|
OG0000097	Mycoplasma_agalactiae	gi|84626130|gb|AAC71615.2|	gi|290752381|emb|CBH40352.1|
OG0000097	Mycoplasma_gallisepticum	gi|84626130|gb|AAC71615.2|	gi|284812081|gb|AAP56744.2|
OG0000098	Mycoplasma_hyopneumoniae	gi|1045725|gb|AAC71268.1|	gi|71851636|gb|AAZ44244.1|
OG0000098	Mycoplasma_agalactiae	gi|1045725|gb|AAC71268.1|	gi|290752382|emb|CBH40353.1|
OG0000098	Mycoplasma_gallisepticum	gi|1045725|gb|AAC71268.1|	gi|284812212|gb|AAP56933.2|
OG0000099	Mycoplasma_hyopneumoniae	gi|3844976|gb|AAC71614.1|	gi|71851635|gb|AAZ44243.1|
OG0000099	Mycoplasma_agalactiae	gi|3844976|gb|AAC71614.1|	gi|290752383|emb|CBH40354.1|
OG0000099	Mycoplasma_gallisepticum	gi|3844976|gb|AAC71614.1|	gi|31541442|gb|AAP56743.1|
OG0000100	Mycoplasma_hyopneumoniae	gi|3844901|gb|AAC71546.1|	gi|71852134|gb|AAZ44742.1|
OG0000100	Mycoplasma_agalactiae	gi|3844901|gb|AAC71546.1|	gi|290752384|emb|CBH40355.1|
OG0000100	Mycoplasma_gallisepticum	gi|3844901|gb|AAC71546.1|	gi|284812121|gb|AAP56795.2|
OG0000101	Mycoplasma_hyopneumoniae	gi|1045979|gb|AAC71505.1|	gi|71851861|gb|AAZ44469.1|
OG0000101	Mycoplasma_agalactiae	gi|1045979|gb|AAC71505.1|	gi|290752385|emb|CBH40356.1|
OG0000101	Mycoplasma_gallisepticum	gi|1045979|gb|AAC71505.1|	gi|31541270|gb|AAP56571.1|
OG0000102	Mycoplasma_hyopneumoniae	gi|3844651|gb|AAC71258.1|	gi|71852022|gb|AAZ44630.1|
OG0000102	Mycoplasma_agalactiae	gi|3844651|gb|AAC71258.1|	gi|290752391|emb|CBH40362.1|
OG0000102	Mycoplasma_gallisepticum	gi|3844651|gb|AAC71258.1|	gi|284812139|gb|AAP56819.2|
OG0000103	Mycoplasma_hyopneumoniae	gi|3844652|gb|AAC71259.1|	gi|144227687|gb|AAZ44629.2|
OG0000103	Mycoplasma_agalactiae	gi|3844652|gb|AAC71259.1|	gi|290752392|emb|CBH40363.1|
OG0000103	Mycoplasma_gallisepticum	gi|3844652|gb|AAC71259.1|	gi|284812138|gb|AAP56818.2|
OG0000104	Mycoplasma_hyopneumoniae	gi|3844653|gb|AAC71260.1|	gi|71852020|gb|AAZ44628.1|
OG0000104	Mycoplasma_agalactiae	gi|3844653|gb|AAC71260.1|	gi|290752393|emb|CBH40364.1|
OG0000104	Mycoplasma_gallisepticum	gi|3844653|gb|AAC71260.1|	gi|284812137|gb|AAP56817.2|
OG0000105	Mycoplasma_hyopneumoniae	gi|3844949|gb|AAC71589.1|	gi|71851750|gb|AAZ44358.1|
OG0000105	Mycoplasma_agalactiae	gi|3844949|gb|AAC71589.1|	gi|290752395|emb|CBH40366.1|
OG0000105	Mycoplasma_gallisepticum	gi|3844949|gb|AAC71589.1|	gi|31541196|gb|AAP56498.1|
OG0000106	Mycoplasma_hyopneumoniae	gi|3844913|gb|AAC71557.1|	gi|71852146|gb|AAZ44754.1|
OG0000106	Mycoplasma_agalactiae	gi|3844913|gb|AAC71557.1|	gi|290752401|emb|CBH40372.1|
OG0000106	Mycoplasma_gallisepticum	gi|3844913|gb|AAC71557.1|	gi|284812203|gb|AAP56918.2|
OG0000107	Mycoplasma_hyopneumoniae	gi|3844914|gb|AAC71558.1|	gi|144227637|gb|AAZ44532.2|
OG0000107	Mycoplasma_agalactiae	gi|3844914|gb|AAC71558.1|	gi|290752406|emb|CBH40377.1|
OG0000107	Mycoplasma_gallisepticum	gi|3844914|gb|AAC71558.1|	gi|284812204|gb|AAP56919.2|
OG0000108	Mycoplasma_hyopneumoniae	gi|3844816|gb|AAC71435.1|	gi|71851606|gb|AAZ44214.1|
OG0000108	Mycoplasma_agalactiae	gi|3844816|gb|AAC71435.1|	gi|290752408|emb|CBH40379.1|
OG0000108	Mycoplasma_gallisepticum	gi|3844816|gb|AAC71435.1|	gi|31541529|gb|AAP56829.1|
OG0000109	Mycoplasma_hyopneumoniae	gi|1046004|gb|AAC71527.1|	gi|71851549|gb|AAZ44157.1|
OG0000109	Mycoplasma_agalactiae	gi|1046004|gb|AAC71527.1|	gi|290752410|emb|CBH40381.1|
OG0000109	Mycoplasma_gallisepticum	gi|1046004|gb|AAC71527.1|	gi|284812184|gb|AAP56889.2|
OG0000110	Mycoplasma_hyopneumoniae	gi|3844842|gb|AAC71459.1|	gi|144227488|gb|AAZ44236.2|
OG0000110	Mycoplasma_agalactiae	gi|3844842|gb|AAC71459.1|	gi|290752420|emb|CBH40391.1|
OG0000110	Mycoplasma_gallisepticum	gi|3844842|gb|AAC71459.1|	gi|284812063|gb|AAP56723.2|
OG0000111	Mycoplasma_hyopneumoniae	gi|1045955|gb|AAC71483.1|	gi|71852058|gb|AAZ44666.1|
OG0000111	Mycoplasma_agalactiae	gi|1045955|gb|AAC71483.1|	gi|290752426|emb|CBH40397.1|
OG0000111	Mycoplasma_gallisepticum	gi|1045955|gb|AAC71483.1|	gi|284811981|gb|AAP56583.2|
OG0000112	Mycoplasma_hyopneumoniae	gi|1045954|gb|AAC71482.1|	gi|71852059|gb|AAZ44667.1|
OG0000112	Mycoplasma_agalactiae	gi|1045954|gb|AAC71482.1|	gi|290752427|emb|CBH40398.1|
OG0000112	Mycoplasma_gallisepticum	gi|1045954|gb|AAC71482.1|	gi|31541281|gb|AAP56582.1|
OG0000113	Mycoplasma_hyopneumoniae	gi|3844967|gb|AAC71606.1|	gi|144227418|gb|AAZ44097.2|
OG0000113	Mycoplasma_agalactiae	gi|3844967|gb|AAC71606.1|	gi|290752433|emb|CBH40404.1|
OG0000113	Mycoplasma_gallisepticum	gi|3844967|gb|AAC71606.1|	gi|284812242|gb|AAP56993.2|
OG0000115	Mycoplasma_hyopneumoniae	gi|3844968|gb|AAC71607.1|	gi|71852130|gb|AAZ44738.1|
OG0000115	Mycoplasma_agalactiae	gi|3844968|gb|AAC71607.1|	gi|290752445|emb|CBH40416.1|
OG0000115	Mycoplasma_gallisepticum	gi|3844968|gb|AAC71607.1|	gi|31541694|gb|AAP56994.1|
OG0000116	Mycoplasma_hyopneumoniae	gi|84626144|gb|AAC71275.2|	gi|144227744|gb|AAZ44737.2|
OG0000116	Mycoplasma_agalactiae	gi|84626144|gb|AAC71275.2|	gi|290752446|emb|CBH40417.1|
OG0000116	Mycoplasma_gallisepticum	gi|84626144|gb|AAC71275.2|	gi|284812209|gb|AAP56925.2|
OG0000117	Mycoplasma_hyopneumoniae	gi|1045741|gb|AAC71284.1|	gi|71851904|gb|AAZ44512.1|
OG0000117	Mycoplasma_gallisepticum	gi|1045741|gb|AAC71284.1|	gi|284811852|gb|AAP56380.2|
OG0000117	Mycoplasma_agalactiae	gi|1045741|gb|AAC71284.1|	gi|290752450|emb|CBH40422.1|
OG0000118	Mycoplasma_hyopneumoniae	gi|3844935|gb|AAC71576.1|	gi|71852081|gb|AAZ44689.1|
OG0000118	Mycoplasma_agalactiae	gi|3844935|gb|AAC71576.1|	gi|290752451|emb|CBH40423.1|
OG0000118	Mycoplasma_gallisepticum	gi|3844935|gb|AAC71576.1|	gi|284812007|gb|AAP56625.2|
OG0000119	Mycoplasma_hyopneumoniae	gi|3844722|gb|AAC71349.1|	gi|71851829|gb|AAZ44437.1|
OG0000119	Mycoplasma_agalactiae	gi|3844722|gb|AAC71349.1|	gi|290752456|emb|CBH40428.1|
OG0000119	Mycoplasma_gallisepticum	gi|3844722|gb|AAC71349.1|	gi|31541557|gb|AAP56857.1|
OG0000120	Mycoplasma_hyopneumoniae	gi|3844902|gb|AAC71547.1|	gi|71852133|gb|AAZ44741.1|
OG0000120	Mycoplasma_agalactiae	gi|3844902|gb|AAC71547.1|	gi|290752458|emb|CBH40430.1|
OG0000120	Mycoplasma_gallisepticum	gi|3844902|gb|AAC71547.1|	gi|31541496|gb|AAP56796.1|
OG0000121	Mycoplasma_hyopneumoniae	gi|1045995|gb|AAC71519.1|	gi|71851494|gb|AAZ44102.1|
OG0000121	Mycoplasma_agalactiae	gi|1045995|gb|AAC71519.1|	gi|290752461|emb|CBH40433.1|
OG0000121	Mycoplasma_gallisepticum	gi|1045995|gb|AAC71519.1|	gi|284811939|gb|AAP56521.2|
OG0000122	Mycoplasma_hyopneumoniae	gi|3844693|gb|AAC71322.1|	gi|144227433|gb|AAZ44127.2|
OG0000122	Mycoplasma_agalactiae	gi|3844693|gb|AAC71322.1|	gi|290752465|emb|CBH40437.1|
OG0000122	Mycoplasma_gallisepticum	gi|3844693|gb|AAC71322.1|	gi|284812130|gb|AAP56808.2|
OG0000123	Mycoplasma_hyopneumoniae	gi|3844696|gb|AAC71325.1|	gi|71851632|gb|AAZ44240.1|
OG0000123	Mycoplasma_agalactiae	gi|3844696|gb|AAC71325.1|	gi|290752467|emb|CBH40439.1|
OG0000123	Mycoplasma_gallisepticum	gi|3844696|gb|AAC71325.1|	gi|31541690|gb|AAP56990.1|
OG0000124	Mycoplasma_hyopneumoniae	gi|3844699|gb|AAC71328.1|	gi|71851631|gb|AAZ44239.1|
OG0000124	Mycoplasma_agalactiae	gi|3844699|gb|AAC71328.1|	gi|290752470|emb|CBH40442.1|
OG0000124	Mycoplasma_gallisepticum	gi|3844699|gb|AAC71328.1|	gi|31541687|gb|AAP56987.1|
OG0000125	Mycoplasma_hyopneumoniae	gi|84626124|gb|AAC71570.2|	gi|144227432|gb|AAZ44122.2|
OG0000125	Mycoplasma_agalactiae	gi|84626124|gb|AAC71570.2|	gi|290752480|emb|CBH40452.1|
OG0000125	Mycoplasma_gallisepticum	gi|84626124|gb|AAC71570.2|	gi|284812028|gb|AAP56669.2|
OG0000126	Mycoplasma_hyopneumoniae	gi|84626136|gb|AAC71583.2|	gi|71851896|gb|AAZ44504.1|
OG0000126	Mycoplasma_agalactiae	gi|84626136|gb|AAC71583.2|	gi|290752483|emb|CBH40455.1|
OG0000126	Mycoplasma_gallisepticum	gi|84626136|gb|AAC71583.2|	gi|31541654|gb|AAP56954.1|
OG0000127	Mycoplasma_hyopneumoniae	gi|3844943|gb|AAC71584.1|	gi|144227620|gb|AAZ44505.2|
OG0000127	Mycoplasma_agalactiae	gi|3844943|gb|AAC71584.1|	gi|290752484|emb|CBH40456.1|
OG0000127	Mycoplasma_gallisepticum	gi|3844943|gb|AAC71584.1|	gi|31541653|gb|AAP56953.1|
OG0000128	Mycoplasma_hyopneumoniae	gi|3845014|gb|AAC71648.1|	gi|71851586|gb|AAZ44194.1|
OG0000128	Mycoplasma_agalactiae	gi|3845014|gb|AAC71648.1|	gi|290752489|emb|CBH40461.1|
OG0000128	Mycoplasma_gallisepticum	gi|3845014|gb|AAC71648.1|	gi|31541130|gb|AAP56432.1|
OG0000132	Mycoplasma_hyopneumoniae	gi|3844680|gb|AAC71311.1|	gi|71852120|gb|AAZ44728.1|
OG0000132	Mycoplasma_agalactiae	gi|3844680|gb|AAC71311.1|	gi|290752497|emb|CBH40469.1|
OG0000132	Mycoplasma_gallisepticum	gi|3844680|gb|AAC71311.1|	gi|31541662|gb|AAP56962.1|
OG0000133	Mycoplasma_hyopneumoniae	gi|84626146|gb|AAC71312.2|	gi|71852119|gb|AAZ44727.1|
OG0000133	Mycoplasma_agalactiae	gi|84626146|gb|AAC71312.2|	gi|290752498|emb|CBH40470.1|
OG0000133	Mycoplasma_gallisepticum	gi|84626146|gb|AAC71312.2|	gi|31541661|gb|AAP56961.1|
OG0000134	Mycoplasma_hyopneumoniae	gi|3844739|gb|AAC71364.1|	gi|71852118|gb|AAZ44726.1|
OG0000134	Mycoplasma_agalactiae	gi|3844739|gb|AAC71364.1|	gi|290752499|emb|CBH40471.1|
OG0000134	Mycoplasma_gallisepticum	gi|3844739|gb|AAC71364.1|	gi|284812150|gb|AAP56839.2|
OG0000135	Mycoplasma_hyopneumoniae	gi|1045746|gb|AAC71288.1|	gi|144227445|gb|AAZ44145.2|
OG0000135	Mycoplasma_agalactiae	gi|1045746|gb|AAC71288.1|	gi|290752515|emb|CBH40487.1|
OG0000135	Mycoplasma_gallisepticum	gi|1045746|gb|AAC71288.1|	gi|31541573|gb|AAP56873.1|
OG0000136	Mycoplasma_hyopneumoniae	gi|3845026|gb|AAC72454.1|	gi|71851538|gb|AAZ44146.1|
OG0000136	Mycoplasma_agalactiae	gi|3845026|gb|AAC72454.1|	gi|290752516|emb|CBH40488.1|
OG0000136	Mycoplasma_gallisepticum	gi|3845026|gb|AAC72454.1|	gi|284811882|gb|AAP56438.2|
OG0000137	Mycoplasma_hyopneumoniae	gi|84626154|gb|AAC71497.2|	gi|71851564|gb|AAZ44172.1|
OG0000137	Mycoplasma_agalactiae	gi|84626154|gb|AAC71497.2|	gi|290752519|emb|CBH40491.1|
OG0000137	Mycoplasma_gallisepticum	gi|84626154|gb|AAC71497.2|	gi|31541536|gb|AAP56836.1|
OG0000138	Mycoplasma_hyopneumoniae	gi|1045940|gb|AAC71469.1|	gi|144227447|gb|AAZ44150.2|
OG0000138	Mycoplasma_agalactiae	gi|1045940|gb|AAC71469.1|	gi|290752521|emb|CBH40493.1|
OG0000138	Mycoplasma_gallisepticum	gi|1045940|gb|AAC71469.1|	gi|284812078|gb|AAP56739.2|
OG0000139	Mycoplasma_hyopneumoniae	gi|3844848|gb|AAC71470.1|	gi|71851541|gb|AAZ44149.1|
OG0000139	Mycoplasma_agalactiae	gi|3844848|gb|AAC71470.1|	gi|290752522|emb|CBH40494.1|
OG0000139	Mycoplasma_gallisepticum	gi|3844848|gb|AAC71470.1|	gi|284812079|gb|AAP56740.2|
OG0000140	Mycoplasma_hyopneumoniae	gi|3844849|gb|AAC71471.1|	gi|144227446|gb|AAZ44148.2|
OG0000140	Mycoplasma_agalactiae	gi|3844849|gb|AAC71471.1|	gi|290752523|emb|CBH40495.1|
OG0000140	Mycoplasma_gallisepticum	gi|3844849|gb|AAC71471.1|	gi|284812080|gb|AAP56741.2|
OG0000141	Mycoplasma_hyopneumoniae	gi|1045986|gb|AAC71510.1|	gi|71851836|gb|AAZ44444.1|
OG0000141	Mycoplasma_agalactiae	gi|1045986|gb|AAC71510.1|	gi|290752525|emb|CBH40497.1|
OG0000141	Mycoplasma_gallisepticum	gi|1045986|gb|AAC71510.1|	gi|31541267|gb|AAP56568.1|
OG0000142	Mycoplasma_hyopneumoniae	gi|1045988|gb|AAC71512.1|	gi|71851838|gb|AAZ44446.1|
OG0000142	Mycoplasma_agalactiae	gi|1045988|gb|AAC71512.1|	gi|290752527|emb|CBH40499.1|
OG0000142	Mycoplasma_gallisepticum	gi|1045988|gb|AAC71512.1|	gi|31541269|gb|AAP56570.1|
OG0000143	Mycoplasma_hyopneumoniae	gi|1045748|gb|AAC71290.1|	gi|71851568|gb|AAZ44176.1|
OG0000143	Mycoplasma_agalactiae	gi|1045748|gb|AAC71290.1|	gi|290752529|emb|CBH40501.1|
OG0000143	Mycoplasma_gallisepticum	gi|1045748|gb|AAC71290.1|	gi|31541079|gb|AAP56381.1|
OG0000144	Mycoplasma_hyopneumoniae	gi|3844712|gb|AAC71340.1|	gi|144227551|gb|AAZ44366.2|
OG0000144	Mycoplasma_agalactiae	gi|3844712|gb|AAC71340.1|	gi|290752531|emb|CBH40503.1|
OG0000144	Mycoplasma_gallisepticum	gi|3844712|gb|AAC71340.1|	gi|31541684|gb|AAP56984.1|
OG0000145	Mycoplasma_hyopneumoniae	gi|3844677|gb|AAC71308.1|	gi|71851770|gb|AAZ44378.1|
OG0000145	Mycoplasma_agalactiae	gi|3844677|gb|AAC71308.1|	gi|290752532|emb|CBH40504.1|
OG0000145	Mycoplasma_gallisepticum	gi|3844677|gb|AAC71308.1|	gi|31541665|gb|AAP56965.1|
OG0000146	Mycoplasma_hyopneumoniae	gi|3844679|gb|AAC71310.1|	gi|144227556|gb|AAZ44376.2|
OG0000146	Mycoplasma_agalactiae	gi|3844679|gb|AAC71310.1|	gi|290752534|emb|CBH40506.1|
OG0000146	Mycoplasma_gallisepticum	gi|3844679|gb|AAC71310.1|	gi|31541663|gb|AAP56963.1|
OG0000147	Mycoplasma_hyopneumoniae	gi|3844691|gb|AAC71321.1|	gi|144227720|gb|AAZ44687.2|
OG0000147	Mycoplasma_agalactiae	gi|3844691|gb|AAC71321.1|	gi|290752535|emb|CBH40507.1|
OG0000147	Mycoplasma_gallisepticum	gi|3844691|gb|AAC71321.1|	gi|31541510|gb|AAP56810.1|
OG0000148	Mycoplasma_hyopneumoniae	gi|3844852|gb|AAC71474.1|	gi|144227540|gb|AAZ44349.2|
OG0000148	Mycoplasma_agalactiae	gi|3844852|gb|AAC71474.1|	gi|290752538|emb|CBH40510.1|
OG0000148	Mycoplasma_gallisepticum	gi|3844852|gb|AAC71474.1|	gi|284812280|gb|AAP57050.2|
OG0000156	Mycoplasma_hyopneumoniae	gi|1045935|gb|AAC71464.1|	gi|144227619|gb|AAZ44502.2|
OG0000156	Mycoplasma_agalactiae	gi|1045935|gb|AAC71464.1|	gi|290752580|emb|CBH40552.1|
OG0000156	Mycoplasma_gallisepticum	gi|1045935|gb|AAC71464.1|	gi|284812070|gb|AAP56730.2|
OG0000157	Mycoplasma_hyopneumoniae	gi|3844702|gb|AAC71331.1|	gi|71851892|gb|AAZ44500.1|
OG0000157	Mycoplasma_agalactiae	gi|3844702|gb|AAC71331.1|	gi|290752583|emb|CBH40555.1|
OG0000157	Mycoplasma_gallisepticum	gi|3844702|gb|AAC71331.1|	gi|284811986|gb|AAP56589.2|
OG0000158	Mycoplasma_hyopneumoniae	gi|84626161|gb|AAC71323.2|	gi|144227659|gb|AAZ44571.2|
OG0000158	Mycoplasma_agalactiae	gi|84626161|gb|AAC71323.2|	gi|290752586|emb|CBH40558.1|
OG0000158	Mycoplasma_gallisepticum	gi|84626161|gb|AAC71323.2|	gi|31541507|gb|AAP56807.1|
OG0000159	Mycoplasma_hyopneumoniae	gi|3844636|gb|AAC71242.1|	gi|71851903|gb|AAZ44511.1|
OG0000159	Mycoplasma_agalactiae	gi|3844636|gb|AAC71242.1|	gi|290752589|emb|CBH40561.1|
OG0000159	Mycoplasma_gallisepticum	gi|3844636|gb|AAC71242.1|	gi|31541561|gb|AAP56861.1|
OG0000160	Mycoplasma_agalactiae	gi|1045684|gb|AAC71231.1|	gi|290752591|emb|CBH40563.1|, gi|290752893|emb|CBH40868.1|
OG0000160	Mycoplasma_gallisepticum	gi|1045684|gb|AAC71231.1|	gi|284811835|gb|AAP56356.2|
OG0000162	Mycoplasma_hyopneumoniae	gi|3844857|gb|AAC71484.1|	gi|71852055|gb|AAZ44663.1|
OG0000162	Mycoplasma_agalactiae	gi|3844857|gb|AAC71484.1|	gi|290752596|emb|CBH40568.1|
OG0000162	Mycoplasma_gallisepticum	gi|3844857|gb|AAC71484.1|	gi|284811982|gb|AAP56584.2|
OG0000163	Mycoplasma_hyopneumoniae	gi|3844700|gb|AAC71329.1|	gi|71852010|gb|AAZ44618.1|
OG0000163	Mycoplasma_agalactiae	gi|3844700|gb|AAC71329.1|	gi|290752597|emb|CBH40569.1|
OG0000163	Mycoplasma_gallisepticum	gi|3844700|gb|AAC71329.1|	gi|284812237|gb|AAP56986.2|
OG0000164	Mycoplasma_hyopneumoniae	gi|3845000|gb|AAC71635.1|	gi|71851725|gb|AAZ44333.1|
OG0000164	Mycoplasma_agalactiae	gi|3845000|gb|AAC71635.1|	gi|290752600|emb|CBH40572.1|
OG0000164	Mycoplasma_gallisepticum	gi|3845000|gb|AAC71635.1|	gi|31541555|gb|AAP56855.1|
OG0000165	Mycoplasma_hyopneumoniae	gi|3845045|gb|AAC72471.1|	gi|71852002|gb|AAZ44610.1|
OG0000165	Mycoplasma_agalactiae	gi|3845045|gb|AAC72471.1|	gi|290752601|emb|CBH40573.1|
OG0000165	Mycoplasma_gallisepticum	gi|3845045|gb|AAC72471.1|	gi|284811975|gb|AAP56576.2|
OG0000166	Mycoplasma_hyopneumoniae	gi|3844806|gb|AAC71426.1|	gi|144227684|gb|AAZ44624.2|
OG0000166	Mycoplasma_agalactiae	gi|3844806|gb|AAC71426.1|	gi|290752603|emb|CBH40575.1|
OG0000166	Mycoplasma_gallisepticum	gi|3844806|gb|AAC71426.1|	gi|284811964|gb|AAP56558.2|
OG0000167	Mycoplasma_hyopneumoniae	gi|3844655|gb|AAC71262.1|	gi|71852111|gb|AAZ44719.1|
OG0000167	Mycoplasma_agalactiae	gi|3844655|gb|AAC71262.1|	gi|290752604|emb|CBH40576.1|
OG0000167	Mycoplasma_gallisepticum	gi|3844655|gb|AAC71262.1|	gi|284812135|gb|AAP56815.2|
OG0000168	Mycoplasma_hyopneumoniae	gi|3844720|gb|AAC71347.1|	gi|144227711|gb|AAZ44675.2|
OG0000168	Mycoplasma_agalactiae	gi|3844720|gb|AAC71347.1|	gi|290752606|emb|CBH40578.1|
OG0000168	Mycoplasma_gallisepticum	gi|3844720|gb|AAC71347.1|	gi|31541594|gb|AAP56894.1|
OG0000169	Mycoplasma_hyopneumoniae	gi|3844717|gb|AAC71344.1|	gi|144227710|gb|AAZ44674.2|
OG0000169	Mycoplasma_agalactiae	gi|3844717|gb|AAC71344.1|	gi|290752619|emb|CBH40592.1|
OG0000169	Mycoplasma_gallisepticum	gi|3844717|gb|AAC71344.1|	gi|284812189|gb|AAP56897.2|
OG0000170	Mycoplasma_hyopneumoniae	gi|3844963|gb|AAC71602.1|	gi|71852065|gb|AAZ44673.1|
OG0000170	Mycoplasma_agalactiae	gi|3844963|gb|AAC71602.1|	gi|290752620|emb|CBH40593.1|
OG0000170	Mycoplasma_gallisepticum	gi|3844963|gb|AAC71602.1|	gi|31541223|gb|AAP56525.1|
OG0000171	Mycoplasma_hyopneumoniae	gi|3844997|gb|AAC71633.1|	gi|144227441|gb|AAZ44137.2|
OG0000171	Mycoplasma_agalactiae	gi|3844997|gb|AAC71633.1|	gi|290752626|emb|CBH40599.1|
OG0000171	Mycoplasma_gallisepticum	gi|3844997|gb|AAC71633.1|	gi|284812021|gb|AAP56650.2|
OG0000172	Mycoplasma_hyopneumoniae	gi|3844996|gb|AAC71632.1|	gi|71851530|gb|AAZ44138.1|
OG0000172	Mycoplasma_gallisepticum	gi|3844996|gb|AAC71632.1|	gi|31541350|gb|AAP56651.1|
OG0000172	Mycoplasma_agalactiae	gi|3844996|gb|AAC71632.1|	gi|290752627|emb|CBH40600.1|
OG0000173	Mycoplasma_hyopneumoniae	gi|3844995|gb|AAC71631.1|	gi|144227442|gb|AAZ44139.2|
OG0000173	Mycoplasma_agalactiae	gi|3844995|gb|AAC71631.1|	gi|290752628|emb|CBH40601.1|
OG0000173	Mycoplasma_gallisepticum	gi|3844995|gb|AAC71631.1|	gi|284812022|gb|AAP56652.2|
OG0000174	Mycoplasma_hyopneumoniae	gi|3844994|gb|AAC71630.1|	gi|144227443|gb|AAZ44140.2|
OG0000174	Mycoplasma_gallisepticum	gi|3844994|gb|AAC71630.1|	gi|31541352|gb|AAP56653.1|
OG0000174	Mycoplasma_agalactiae	gi|3844994|gb|AAC71630.1|	gi|290752629|emb|CBH40602.1|
OG0000175	Mycoplasma_hyopneumoniae	gi|3844993|gb|AAC71629.1|	gi|144227444|gb|AAZ44141.2|
OG0000175	Mycoplasma_agalactiae	gi|3844993|gb|AAC71629.1|	gi|290752630|emb|CBH40603.1|
OG0000175	Mycoplasma_gallisepticum	gi|3844993|gb|AAC71629.1|	gi|31541353|gb|AAP56654.1|
OG0000176	Mycoplasma_hyopneumoniae	gi|3844992|gb|AAC71628.1|	gi|71851534|gb|AAZ44142.1|
OG0000176	Mycoplasma_agalactiae	gi|3844992|gb|AAC71628.1|	gi|290752631|emb|CBH40604.1|
OG0000176	Mycoplasma_gallisepticum	gi|3844992|gb|AAC71628.1|	gi|31541354|gb|AAP56655.1|
OG0000177	Mycoplasma_hyopneumoniae	gi|3844991|gb|AAC71627.1|	gi|71851535|gb|AAZ44143.1|
OG0000177	Mycoplasma_agalactiae	gi|3844991|gb|AAC71627.1|	gi|290752632|emb|CBH40605.1|
OG0000177	Mycoplasma_gallisepticum	gi|3844991|gb|AAC71627.1|	gi|31541355|gb|AAP56656.1|
OG0000178	Mycoplasma_hyopneumoniae	gi|3844843|gb|AAC71460.1|	gi|144227679|gb|AAZ44611.2|
OG0000178	Mycoplasma_agalactiae	gi|3844843|gb|AAC71460.1|	gi|290752649|emb|CBH40622.1|
OG0000178	Mycoplasma_gallisepticum	gi|3844843|gb|AAC71460.1|	gi|284812064|gb|AAP56724.2|
OG0000179	Mycoplasma_hyopneumoniae	gi|3844862|gb|AAC71488.1|	gi|71852122|gb|AAZ44730.1|
OG0000179	Mycoplasma_agalactiae	gi|3844862|gb|AAC71488.1|	gi|290752650|emb|CBH40623.1|
OG0000179	Mycoplasma_gallisepticum	gi|3844862|gb|AAC71488.1|	gi|31541482|gb|AAP56783.1|
OG0000180	Mycoplasma_hyopneumoniae	gi|3844640|gb|AAC71246.1|	gi|71852005|gb|AAZ44613.1|
OG0000180	Mycoplasma_agalactiae	gi|3844640|gb|AAC71246.1|	gi|290752652|emb|CBH40625.1|
OG0000180	Mycoplasma_gallisepticum	gi|3844640|gb|AAC71246.1|	gi|284812019|gb|AAP56646.2|
OG0000181	Mycoplasma_hyopneumoniae	gi|3844827|gb|AAC71445.1|	gi|144227614|gb|AAZ44492.2|
OG0000181	Mycoplasma_agalactiae	gi|3844827|gb|AAC71445.1|	gi|290752658|emb|CBH40631.1|
OG0000181	Mycoplasma_gallisepticum	gi|3844827|gb|AAC71445.1|	gi|284812085|gb|AAP56748.2|
OG0000182	Mycoplasma_hyopneumoniae	gi|3844825|gb|AAC71443.1|	gi|71851883|gb|AAZ44491.1|
OG0000182	Mycoplasma_agalactiae	gi|3844825|gb|AAC71443.1|	gi|290752660|emb|CBH40633.1|
OG0000182	Mycoplasma_gallisepticum	gi|3844825|gb|AAC71443.1|	gi|284812086|gb|AAP56750.2|
OG0000183	Mycoplasma_hyopneumoniae	gi|84626169|gb|AAC71442.2|	gi|71851882|gb|AAZ44490.1|
OG0000183	Mycoplasma_agalactiae	gi|84626169|gb|AAC71442.2|	gi|290752661|emb|CBH40634.1|
OG0000183	Mycoplasma_gallisepticum	gi|84626169|gb|AAC71442.2|	gi|284812087|gb|AAP56751.2|
OG0000184	Mycoplasma_hyopneumoniae	gi|3844900|gb|AAC71545.1|	gi|71852026|gb|AAZ44634.1|
OG0000184	Mycoplasma_agalactiae	gi|3844900|gb|AAC71545.1|	gi|290752662|emb|CBH40635.1|
OG0000184	Mycoplasma_gallisepticum	gi|3844900|gb|AAC71545.1|	gi|284812110|gb|AAP56782.2|
OG0000185	Mycoplasma_hyopneumoniae	gi|3844899|gb|AAC71544.1|	gi|71852027|gb|AAZ44635.1|
OG0000185	Mycoplasma_agalactiae	gi|3844899|gb|AAC71544.1|	gi|290752663|emb|CBH40636.1|
OG0000185	Mycoplasma_gallisepticum	gi|3844899|gb|AAC71544.1|	gi|284812149|gb|AAP56838.2|
OG0000186	Mycoplasma_hyopneumoniae	gi|1045749|gb|AAC71291.1|	gi|144227741|gb|AAZ44731.2|
OG0000186	Mycoplasma_agalactiae	gi|1045749|gb|AAC71291.1|	gi|290752667|emb|CBH40640.1|
OG0000186	Mycoplasma_gallisepticum	gi|1045749|gb|AAC71291.1|	gi|284811857|gb|AAP56388.2|
OG0000187	Mycoplasma_hyopneumoniae	gi|3845011|gb|AAC71645.1|	gi|144227462|gb|AAZ44182.2|
OG0000187	Mycoplasma_agalactiae	gi|3845011|gb|AAC71645.1|	gi|290752668|emb|CBH40641.1|
OG0000187	Mycoplasma_gallisepticum	gi|3845011|gb|AAC71645.1|	gi|284811881|gb|AAP56437.2|
OG0000188	Mycoplasma_hyopneumoniae	gi|3844633|gb|AAC71240.1|	gi|71851767|gb|AAZ44375.1|
OG0000188	Mycoplasma_agalactiae	gi|3844633|gb|AAC71240.1|	gi|290752671|emb|CBH40644.1|
OG0000188	Mycoplasma_gallisepticum	gi|3844633|gb|AAC71240.1|	gi|31541712|gb|AAP57012.1|
OG0000189	Mycoplasma_hyopneumoniae	gi|3845052|gb|AAC72478.1|	gi|71851737|gb|AAZ44345.1|
OG0000189	Mycoplasma_agalactiae	gi|3845052|gb|AAC72478.1|	gi|290752673|emb|CBH40646.1|
OG0000189	Mycoplasma_gallisepticum	gi|3845052|gb|AAC72478.1|	gi|284811847|gb|AAP56375.2|
OG0000190	Mycoplasma_hyopneumoniae	gi|1045978|gb|AAC71504.1|	gi|71852142|gb|AAZ44750.1|
OG0000190	Mycoplasma_agalactiae	gi|1045978|gb|AAC71504.1|	gi|290752674|emb|CBH40647.1|
OG0000190	Mycoplasma_gallisepticum	gi|1045978|gb|AAC71504.1|	gi|31541240|gb|AAP56542.1|
OG0000191	Mycoplasma_hyopneumoniae	gi|3844876|gb|AAC71518.1|	gi|144227506|gb|AAZ44289.2|
OG0000191	Mycoplasma_gallisepticum	gi|3844876|gb|AAC71518.1|	gi|31541171|gb|AAP56473.1|
OG0000191	Mycoplasma_agalactiae	gi|3844876|gb|AAC71518.1|	gi|290752678|emb|CBH40651.1|
OG0000192	Mycoplasma_hyopneumoniae	gi|3844871|gb|AAC71513.1|	gi|144227505|gb|AAZ44288.2|
OG0000192	Mycoplasma_agalactiae	gi|3844871|gb|AAC71513.1|	gi|290752679|emb|CBH40652.1|
OG0000192	Mycoplasma_gallisepticum	gi|3844871|gb|AAC71513.1|	gi|284811906|gb|AAP56472.2|
OG0000193	Mycoplasma_hyopneumoniae	gi|3844874|gb|AAC71516.1|	gi|71851906|gb|AAZ44514.1|
OG0000193	Mycoplasma_agalactiae	gi|3844874|gb|AAC71516.1|	gi|290752680|emb|CBH40653.1|
OG0000193	Mycoplasma_gallisepticum	gi|3844874|gb|AAC71516.1|	gi|31541168|gb|AAP56470.1|
OG0000194	Mycoplasma_hyopneumoniae	gi|1045996|gb|AAC71520.1|	gi|71852132|gb|AAZ44740.1|
OG0000194	Mycoplasma_agalactiae	gi|1045996|gb|AAC71520.1|	gi|290752698|emb|CBH40672.1|
OG0000194	Mycoplasma_gallisepticum	gi|1045996|gb|AAC71520.1|	gi|31541218|gb|AAP56520.1|
OG0000195	Mycoplasma_hyopneumoniae	gi|3844954|gb|AAC71594.1|	gi|71851889|gb|AAZ44497.1|
OG0000195	Mycoplasma_agalactiae	gi|3844954|gb|AAC71594.1|	gi|290752699|emb|CBH40673.1|
OG0000195	Mycoplasma_gallisepticum	gi|3844954|gb|AAC71594.1|	gi|284812153|gb|AAP56843.2|
OG0000196	Mycoplasma_hyopneumoniae	gi|3844648|gb|AAC71254.1|	gi|71851835|gb|AAZ44443.1|
OG0000196	Mycoplasma_gallisepticum	gi|3844648|gb|AAC71254.1|	gi|284811841|gb|AAP56365.2|
OG0000196	Mycoplasma_agalactiae	gi|3844648|gb|AAC71254.1|	gi|290752707|emb|CBH40681.1|
OG0000197	Mycoplasma_hyopneumoniae	gi|3844643|gb|AAC71249.1|	gi|71851834|gb|AAZ44442.1|
OG0000197	Mycoplasma_gallisepticum	gi|3844643|gb|AAC71249.1|	gi|284811840|gb|AAP56364.2|
OG0000197	Mycoplasma_agalactiae	gi|3844643|gb|AAC71249.1|	gi|290752708|emb|CBH40682.1|
OG0000198	Mycoplasma_hyopneumoniae	gi|3844646|gb|AAC71252.1|	gi|144227528|gb|AAZ44326.2|
OG0000198	Mycoplasma_agalactiae	gi|3844646|gb|AAC71252.1|	gi|290752709|emb|CBH40683.1|
OG0000198	Mycoplasma_gallisepticum	gi|3844646|gb|AAC71252.1|	gi|31541233|gb|AAP56535.1|
OG0000199	Mycoplasma_hyopneumoniae	gi|3844645|gb|AAC71251.1|	gi|71851717|gb|AAZ44325.1|
OG0000199	Mycoplasma_agalactiae	gi|3844645|gb|AAC71251.1|	gi|290752710|emb|CBH40684.1|
OG0000199	Mycoplasma_gallisepticum	gi|3844645|gb|AAC71251.1|	gi|284811948|gb|AAP56534.2|
OG0000200	Mycoplasma_hyopneumoniae	gi|3845010|gb|AAC71644.1|	gi|71852126|gb|AAZ44734.1|
OG0000200	Mycoplasma_agalactiae	gi|3845010|gb|AAC71644.1|	gi|290752715|emb|CBH40689.1|
OG0000200	Mycoplasma_gallisepticum	gi|3845010|gb|AAC71644.1|	gi|284812017|gb|AAP56643.2|
OG0000201	Mycoplasma_hyopneumoniae	gi|3845009|gb|AAC71643.1|	gi|71852125|gb|AAZ44733.1|
OG0000201	Mycoplasma_agalactiae	gi|3845009|gb|AAC71643.1|	gi|290752716|emb|CBH40690.1|
OG0000201	Mycoplasma_gallisepticum	gi|3845009|gb|AAC71643.1|	gi|284812018|gb|AAP56644.2|
OG0000202	Mycoplasma_hyopneumoniae	gi|1045747|gb|AAC71289.1|	gi|144227541|gb|AAZ44351.2|
OG0000202	Mycoplasma_agalactiae	gi|1045747|gb|AAC71289.1|	gi|290752720|emb|CBH40694.1|
OG0000202	Mycoplasma_gallisepticum	gi|1045747|gb|AAC71289.1|	gi|284811985|gb|AAP56588.2|
OG0000205	Mycoplasma_hyopneumoniae	gi|1045713|gb|AAC71257.1|	gi|71852087|gb|AAZ44695.1|
OG0000205	Mycoplasma_gallisepticum	gi|1045713|gb|AAC71257.1|	gi|284811851|gb|AAP56379.2|
OG0000205	Mycoplasma_agalactiae	gi|1045713|gb|AAC71257.1|	gi|290752751|emb|CBH40726.1|
OG0000206	Mycoplasma_hyopneumoniae	gi|3844793|gb|AAC71414.1|	gi|144227475|gb|AAZ44213.2|
OG0000206	Mycoplasma_agalactiae	gi|3844793|gb|AAC71414.1|	gi|290752757|emb|CBH40732.1|
OG0000206	Mycoplasma_gallisepticum	gi|3844793|gb|AAC71414.1|	gi|284812051|gb|AAP56707.2|
OG0000207	Mycoplasma_hyopneumoniae	gi|3844794|gb|AAC71415.1|	gi|144227474|gb|AAZ44212.2|
OG0000207	Mycoplasma_agalactiae	gi|3844794|gb|AAC71415.1|	gi|290752758|emb|CBH40733.1|
OG0000207	Mycoplasma_gallisepticum	gi|3844794|gb|AAC71415.1|	gi|284812052|gb|AAP56708.2|
OG0000208	Mycoplasma_hyopneumoniae	gi|3844795|gb|AAC71416.1|	gi|71851603|gb|AAZ44211.1|
OG0000208	Mycoplasma_agalactiae	gi|3844795|gb|AAC71416.1|	gi|290752759|emb|CBH40734.1|
OG0000208	Mycoplasma_gallisepticum	gi|3844795|gb|AAC71416.1|	gi|31541408|gb|AAP56709.1|
OG0000209	Mycoplasma_hyopneumoniae	gi|3844733|gb|AAC71358.1|	gi|144227712|gb|AAZ44676.2|
OG0000209	Mycoplasma_agalactiae	gi|3844733|gb|AAC71358.1|	gi|290752760|emb|CBH40735.1|
OG0000209	Mycoplasma_gallisepticum	gi|3844733|gb|AAC71358.1|	gi|284811888|gb|AAP56445.2|
OG0000210	Mycoplasma_hyopneumoniae	gi|3844728|gb|AAC71355.1|	gi|71851555|gb|AAZ44163.1|
OG0000210	Mycoplasma_agalactiae	gi|3844728|gb|AAC71355.1|	gi|290752763|emb|CBH40738.1|
OG0000210	Mycoplasma_gallisepticum	gi|3844728|gb|AAC71355.1|	gi|284812194|gb|AAP56903.2|
OG0000211	Mycoplasma_hyopneumoniae	gi|3844940|gb|AAC71581.1|	gi|71852056|gb|AAZ44664.1|
OG0000211	Mycoplasma_agalactiae	gi|3844940|gb|AAC71581.1|	gi|290752764|emb|CBH40739.1|
OG0000211	Mycoplasma_gallisepticum	gi|3844940|gb|AAC71581.1|	gi|284811944|gb|AAP56528.2|
OG0000212	Mycoplasma_hyopneumoniae	gi|3844966|gb|AAC71605.1|	gi|71851498|gb|AAZ44106.1|
OG0000212	Mycoplasma_agalactiae	gi|3844966|gb|AAC71605.1|	gi|290752770|emb|CBH40745.1|
OG0000212	Mycoplasma_gallisepticum	gi|3844966|gb|AAC71605.1|	gi|284811838|gb|AAP56362.2|
OG0000213	Mycoplasma_hyopneumoniae	gi|3845055|gb|AAC72480.1|	gi|71851616|gb|AAZ44224.1|
OG0000213	Mycoplasma_gallisepticum	gi|3845055|gb|AAC72480.1|	gi|31541121|gb|AAP56423.1|
OG0000213	Mycoplasma_agalactiae	gi|3845055|gb|AAC72480.1|	gi|290752772|emb|CBH40747.1|
OG0000214	Mycoplasma_hyopneumoniae	gi|84626166|gb|AAC71278.2|	gi|144227480|gb|AAZ44223.2|
OG0000214	Mycoplasma_agalactiae	gi|84626166|gb|AAC71278.2|	gi|290752778|emb|CBH40753.1|
OG0000214	Mycoplasma_gallisepticum	gi|84626166|gb|AAC71278.2|	gi|284812241|gb|AAP56992.2|
OG0000215	Mycoplasma_hyopneumoniae	gi|3844839|gb|AAC71456.1|	gi|71851544|gb|AAZ44152.1|
OG0000215	Mycoplasma_agalactiae	gi|3844839|gb|AAC71456.1|	gi|290752780|emb|CBH40755.1|
OG0000215	Mycoplasma_gallisepticum	gi|3844839|gb|AAC71456.1|	gi|31541419|gb|AAP56720.1|
OG0000216	Mycoplasma_hyopneumoniae	gi|3844804|gb|AAC71424.1|	gi|71851548|gb|AAZ44156.1|
OG0000216	Mycoplasma_agalactiae	gi|3844804|gb|AAC71424.1|	gi|290752783|emb|CBH40758.1|
OG0000216	Mycoplasma_gallisepticum	gi|3844804|gb|AAC71424.1|	gi|284812049|gb|AAP56705.2|
OG0000217	Mycoplasma_hyopneumoniae	gi|3844783|gb|AAC71405.1|	gi|71851844|gb|AAZ44452.1|
OG0000217	Mycoplasma_agalactiae	gi|3844783|gb|AAC71405.1|	gi|290752786|emb|CBH40761.1|
OG0000217	Mycoplasma_gallisepticum	gi|3844783|gb|AAC71405.1|	gi|31541081|gb|AAP56383.1|
OG0000218	Mycoplasma_hyopneumoniae	gi|3844784|gb|AAC71406.1|	gi|144227599|gb|AAZ44453.2|
OG0000218	Mycoplasma_agalactiae	gi|3844784|gb|AAC71406.1|	gi|290752787|emb|CBH40762.1|
OG0000218	Mycoplasma_gallisepticum	gi|3844784|gb|AAC71406.1|	gi|284811854|gb|AAP56384.2|
OG0000219	Mycoplasma_hyopneumoniae	gi|3844785|gb|AAC71407.1|	gi|144227600|gb|AAZ44454.2|
OG0000219	Mycoplasma_agalactiae	gi|3844785|gb|AAC71407.1|	gi|290752788|emb|CBH40763.1|
OG0000219	Mycoplasma_gallisepticum	gi|3844785|gb|AAC71407.1|	gi|284811855|gb|AAP56385.2|
OG0000220	Mycoplasma_hyopneumoniae	gi|84626157|gb|AAC71408.2|	gi|144227601|gb|AAZ44455.2|
OG0000220	Mycoplasma_agalactiae	gi|84626157|gb|AAC71408.2|	gi|290752789|emb|CBH40764.1|
OG0000220	Mycoplasma_gallisepticum	gi|84626157|gb|AAC71408.2|	gi|31541084|gb|AAP56386.1|
OG0000221	Mycoplasma_hyopneumoniae	gi|3844973|gb|AAC71611.1|	gi|71851523|gb|AAZ44131.1|
OG0000221	Mycoplasma_agalactiae	gi|3844973|gb|AAC71611.1|	gi|290752792|emb|CBH40767.1|
OG0000221	Mycoplasma_gallisepticum	gi|3844973|gb|AAC71611.1|	gi|284812124|gb|AAP56800.2|
OG0000223	Mycoplasma_hyopneumoniae	gi|1045724|gb|AAC71267.1|	gi|71851565|gb|AAZ44173.1|
OG0000223	Mycoplasma_agalactiae	gi|1045724|gb|AAC71267.1|	gi|290752795|emb|CBH40770.1|
OG0000223	Mycoplasma_gallisepticum	gi|1045724|gb|AAC71267.1|	gi|31541634|gb|AAP56934.1|
OG0000224	Mycoplasma_hyopneumoniae	gi|1045723|gb|AAC71266.1|	gi|71852006|gb|AAZ44614.1|
OG0000224	Mycoplasma_agalactiae	gi|1045723|gb|AAC71266.1|	gi|290752796|emb|CBH40771.1|
OG0000224	Mycoplasma_gallisepticum	gi|1045723|gb|AAC71266.1|	gi|284812213|gb|AAP56935.2|
OG0000225	Mycoplasma_hyopneumoniae	gi|3845024|gb|AAC72452.1|	gi|71851585|gb|AAZ44193.1|
OG0000225	Mycoplasma_agalactiae	gi|3845024|gb|AAC72452.1|	gi|290752797|emb|CBH40772.1|
OG0000225	Mycoplasma_gallisepticum	gi|3845024|gb|AAC72452.1|	gi|31541631|gb|AAP56931.1|
OG0000226	Mycoplasma_hyopneumoniae	gi|3844774|gb|AAC71397.1|	gi|71851646|gb|AAZ44254.1|
OG0000226	Mycoplasma_agalactiae	gi|3844774|gb|AAC71397.1|	gi|290752803|emb|CBH40778.1|
OG0000226	Mycoplasma_gallisepticum	gi|3844774|gb|AAC71397.1|	gi|284812233|gb|AAP56977.2|
OG0000227	Mycoplasma_hyopneumoniae	gi|3844773|gb|AAC71396.1|	gi|71851647|gb|AAZ44255.1|
OG0000227	Mycoplasma_agalactiae	gi|3844773|gb|AAC71396.1|	gi|290752804|emb|CBH40779.1|
OG0000227	Mycoplasma_gallisepticum	gi|3844773|gb|AAC71396.1|	gi|31541678|gb|AAP56978.1|
OG0000228	Mycoplasma_hyopneumoniae	gi|84626153|gb|AAC71395.2|	gi|71851648|gb|AAZ44256.1|
OG0000228	Mycoplasma_agalactiae	gi|84626153|gb|AAC71395.2|	gi|290752805|emb|CBH40780.1|
OG0000228	Mycoplasma_gallisepticum	gi|84626153|gb|AAC71395.2|	gi|31541679|gb|AAP56979.1|
OG0000229	Mycoplasma_hyopneumoniae	gi|3844771|gb|AAC71394.1|	gi|71851649|gb|AAZ44257.1|
OG0000229	Mycoplasma_agalactiae	gi|3844771|gb|AAC71394.1|	gi|290752806|emb|CBH40781.1|
OG0000229	Mycoplasma_gallisepticum	gi|3844771|gb|AAC71394.1|	gi|31541680|gb|AAP56980.1|
OG0000230	Mycoplasma_hyopneumoniae	gi|3844767|gb|AAC71391.1|	gi|144227496|gb|AAZ44259.2|
OG0000230	Mycoplasma_agalactiae	gi|3844767|gb|AAC71391.1|	gi|290752807|emb|CBH40782.1|
OG0000230	Mycoplasma_gallisepticum	gi|3844767|gb|AAC71391.1|	gi|31541682|gb|AAP56982.1|
OG0000231	Mycoplasma_hyopneumoniae	gi|3844766|gb|AAC71390.1|	gi|71851652|gb|AAZ44260.1|
OG0000231	Mycoplasma_agalactiae	gi|3844766|gb|AAC71390.1|	gi|290752808|emb|CBH40783.1|
OG0000231	Mycoplasma_gallisepticum	gi|3844766|gb|AAC71390.1|	gi|31541120|gb|AAP56422.1|
OG0000232	Mycoplasma_hyopneumoniae	gi|3844765|gb|AAC71389.1|	gi|71851653|gb|AAZ44261.1|
OG0000232	Mycoplasma_agalactiae	gi|3844765|gb|AAC71389.1|	gi|290752809|emb|CBH40784.1|
OG0000232	Mycoplasma_gallisepticum	gi|3844765|gb|AAC71389.1|	gi|284811874|gb|AAP56421.2|
OG0000233	Mycoplasma_hyopneumoniae	gi|3844764|gb|AAC71388.1|	gi|71851654|gb|AAZ44262.1|
OG0000233	Mycoplasma_agalactiae	gi|3844764|gb|AAC71388.1|	gi|290752810|emb|CBH40785.1|
OG0000233	Mycoplasma_gallisepticum	gi|3844764|gb|AAC71388.1|	gi|31541118|gb|AAP56420.1|
OG0000234	Mycoplasma_hyopneumoniae	gi|3844763|gb|AAC71387.1|	gi|144227497|gb|AAZ44263.2|
OG0000234	Mycoplasma_agalactiae	gi|3844763|gb|AAC71387.1|	gi|290752823|emb|CBH40798.1|
OG0000234	Mycoplasma_gallisepticum	gi|3844763|gb|AAC71387.1|	gi|284811873|gb|AAP56419.2|
OG0000235	Mycoplasma_hyopneumoniae	gi|3844762|gb|AAC71386.1|	gi|71851656|gb|AAZ44264.1|
OG0000235	Mycoplasma_agalactiae	gi|3844762|gb|AAC71386.1|	gi|290752824|emb|CBH40799.1|
OG0000235	Mycoplasma_gallisepticum	gi|3844762|gb|AAC71386.1|	gi|284811872|gb|AAP56418.2|
OG0000236	Mycoplasma_hyopneumoniae	gi|3844761|gb|AAC71385.1|	gi|144227498|gb|AAZ44265.2|
OG0000236	Mycoplasma_agalactiae	gi|3844761|gb|AAC71385.1|	gi|290752825|emb|CBH40800.1|
OG0000236	Mycoplasma_gallisepticum	gi|3844761|gb|AAC71385.1|	gi|31541115|gb|AAP56417.1|
OG0000237	Mycoplasma_hyopneumoniae	gi|3844760|gb|AAC71384.1|	gi|71851658|gb|AAZ44266.1|
OG0000237	Mycoplasma_agalactiae	gi|3844760|gb|AAC71384.1|	gi|290752826|emb|CBH40801.1|
OG0000237	Mycoplasma_gallisepticum	gi|3844760|gb|AAC71384.1|	gi|31541114|gb|AAP56416.1|
OG0000238	Mycoplasma_hyopneumoniae	gi|3844759|gb|AAC71383.1|	gi|71851659|gb|AAZ44267.1|
OG0000238	Mycoplasma_agalactiae	gi|3844759|gb|AAC71383.1|	gi|290752827|emb|CBH40802.1|
OG0000238	Mycoplasma_gallisepticum	gi|3844759|gb|AAC71383.1|	gi|31541113|gb|AAP56415.1|
OG0000239	Mycoplasma_hyopneumoniae	gi|3844758|gb|AAC71382.1|	gi|71851660|gb|AAZ44268.1|
OG0000239	Mycoplasma_agalactiae	gi|3844758|gb|AAC71382.1|	gi|290752828|emb|CBH40803.1|
OG0000239	Mycoplasma_gallisepticum	gi|3844758|gb|AAC71382.1|	gi|284811871|gb|AAP56414.2|
OG0000240	Mycoplasma_hyopneumoniae	gi|3844757|gb|AAC71381.1|	gi|144227499|gb|AAZ44269.2|
OG0000240	Mycoplasma_agalactiae	gi|3844757|gb|AAC71381.1|	gi|290752829|emb|CBH40804.1|
OG0000240	Mycoplasma_gallisepticum	gi|3844757|gb|AAC71381.1|	gi|284811870|gb|AAP56413.2|
OG0000241	Mycoplasma_hyopneumoniae	gi|3844756|gb|AAC71380.1|	gi|71851662|gb|AAZ44270.1|
OG0000241	Mycoplasma_agalactiae	gi|3844756|gb|AAC71380.1|	gi|290752830|emb|CBH40805.1|
OG0000241	Mycoplasma_gallisepticum	gi|3844756|gb|AAC71380.1|	gi|31541110|gb|AAP56412.1|
OG0000242	Mycoplasma_hyopneumoniae	gi|3844755|gb|AAC71379.1|	gi|71851663|gb|AAZ44271.1|
OG0000242	Mycoplasma_agalactiae	gi|3844755|gb|AAC71379.1|	gi|290752831|emb|CBH40806.1|
OG0000242	Mycoplasma_gallisepticum	gi|3844755|gb|AAC71379.1|	gi|284811869|gb|AAP56411.2|
OG0000243	Mycoplasma_hyopneumoniae	gi|3844754|gb|AAC71378.1|	gi|144227500|gb|AAZ44272.2|
OG0000243	Mycoplasma_agalactiae	gi|3844754|gb|AAC71378.1|	gi|290752832|emb|CBH40807.1|
OG0000243	Mycoplasma_gallisepticum	gi|3844754|gb|AAC71378.1|	gi|31541108|gb|AAP56410.1|
OG0000244	Mycoplasma_hyopneumoniae	gi|3844753|gb|AAC71377.1|	gi|144227501|gb|AAZ44273.2|
OG0000244	Mycoplasma_agalactiae	gi|3844753|gb|AAC71377.1|	gi|290752833|emb|CBH40808.1|
OG0000244	Mycoplasma_gallisepticum	gi|3844753|gb|AAC71377.1|	gi|284811868|gb|AAP56409.2|
OG0000245	Mycoplasma_hyopneumoniae	gi|3844752|gb|AAC71376.1|	gi|71851666|gb|AAZ44274.1|
OG0000245	Mycoplasma_agalactiae	gi|3844752|gb|AAC71376.1|	gi|290752834|emb|CBH40809.1|
OG0000245	Mycoplasma_gallisepticum	gi|3844752|gb|AAC71376.1|	gi|31541106|gb|AAP56408.1|
OG0000246	Mycoplasma_hyopneumoniae	gi|3844751|gb|AAC71375.1|	gi|144227502|gb|AAZ44275.2|
OG0000246	Mycoplasma_agalactiae	gi|3844751|gb|AAC71375.1|	gi|290752835|emb|CBH40810.1|
OG0000246	Mycoplasma_gallisepticum	gi|3844751|gb|AAC71375.1|	gi|284811867|gb|AAP56407.2|
OG0000247	Mycoplasma_hyopneumoniae	gi|3844750|gb|AAC71374.1|	gi|144227503|gb|AAZ44276.2|
OG0000247	Mycoplasma_agalactiae	gi|3844750|gb|AAC71374.1|	gi|290752836|emb|CBH40811.1|
OG0000247	Mycoplasma_gallisepticum	gi|3844750|gb|AAC71374.1|	gi|31541104|gb|AAP56406.1|
OG0000248	Mycoplasma_hyopneumoniae	gi|3844749|gb|AAC71373.1|	gi|71851669|gb|AAZ44277.1|
OG0000248	Mycoplasma_agalactiae	gi|3844749|gb|AAC71373.1|	gi|290752837|emb|CBH40812.1|
OG0000248	Mycoplasma_gallisepticum	gi|3844749|gb|AAC71373.1|	gi|31541103|gb|AAP56405.1|
OG0000249	Mycoplasma_hyopneumoniae	gi|3844748|gb|AAC71372.1|	gi|71851670|gb|AAZ44278.1|
OG0000249	Mycoplasma_agalactiae	gi|3844748|gb|AAC71372.1|	gi|290752838|emb|CBH40813.1|
OG0000249	Mycoplasma_gallisepticum	gi|3844748|gb|AAC71372.1|	gi|31541102|gb|AAP56404.1|
OG0000250	Mycoplasma_hyopneumoniae	gi|3844747|gb|AAC71371.1|	gi|71851671|gb|AAZ44279.1|
OG0000250	Mycoplasma_agalactiae	gi|3844747|gb|AAC71371.1|	gi|290752839|emb|CBH40814.1|
OG0000250	Mycoplasma_gallisepticum	gi|3844747|gb|AAC71371.1|	gi|284811866|gb|AAP56403.2|
OG0000251	Mycoplasma_hyopneumoniae	gi|3844746|gb|AAC71370.1|	gi|144227504|gb|AAZ44280.2|
OG0000251	Mycoplasma_agalactiae	gi|3844746|gb|AAC71370.1|	gi|290752840|emb|CBH40815.1|
OG0000251	Mycoplasma_gallisepticum	gi|3844746|gb|AAC71370.1|	gi|284811865|gb|AAP56402.2|
OG0000252	Mycoplasma_hyopneumoniae	gi|3844745|gb|AAC71369.1|	gi|71851673|gb|AAZ44281.1|
OG0000252	Mycoplasma_agalactiae	gi|3844745|gb|AAC71369.1|	gi|290752841|emb|CBH40816.1|
OG0000252	Mycoplasma_gallisepticum	gi|3844745|gb|AAC71369.1|	gi|31541099|gb|AAP56401.1|
OG0000253	Mycoplasma_hyopneumoniae	gi|3844744|gb|AAC71368.1|	gi|71851674|gb|AAZ44282.1|
OG0000253	Mycoplasma_agalactiae	gi|3844744|gb|AAC71368.1|	gi|290752842|emb|CBH40817.1|
OG0000253	Mycoplasma_gallisepticum	gi|3844744|gb|AAC71368.1|	gi|284811864|gb|AAP56400.2|
OG0000254	Mycoplasma_hyopneumoniae	gi|3844936|gb|AAC71577.1|	gi|71851536|gb|AAZ44144.1|
OG0000254	Mycoplasma_agalactiae	gi|3844936|gb|AAC71577.1|	gi|290752844|emb|CBH40819.1|
OG0000254	Mycoplasma_gallisepticum	gi|3844936|gb|AAC71577.1|	gi|284811920|gb|AAP56492.2|
OG0000255	Mycoplasma_hyopneumoniae	gi|3844921|gb|AAC71564.1|	gi|144227436|gb|AAZ44129.2|
OG0000255	Mycoplasma_agalactiae	gi|3844921|gb|AAC71564.1|	gi|290752845|emb|CBH40820.1|
OG0000255	Mycoplasma_gallisepticum	gi|3844921|gb|AAC71564.1|	gi|31541522|gb|AAP56822.1|
OG0000256	Mycoplasma_hyopneumoniae	gi|1045937|gb|AAC71466.1|	gi|144227638|gb|AAZ44533.2|
OG0000256	Mycoplasma_agalactiae	gi|1045937|gb|AAC71466.1|	gi|290752846|emb|CBH40821.1|
OG0000256	Mycoplasma_gallisepticum	gi|1045937|gb|AAC71466.1|	gi|284812068|gb|AAP56728.2|
OG0000257	Mycoplasma_hyopneumoniae	gi|3844838|gb|AAC71455.1|	gi|71851612|gb|AAZ44220.1|
OG0000257	Mycoplasma_agalactiae	gi|3844838|gb|AAC71455.1|	gi|290752849|emb|CBH40824.1|
OG0000257	Mycoplasma_gallisepticum	gi|3844838|gb|AAC71455.1|	gi|31541418|gb|AAP56719.1|
OG0000258	Mycoplasma_hyopneumoniae	gi|3844836|gb|AAC71453.1|	gi|71851611|gb|AAZ44219.1|
OG0000258	Mycoplasma_agalactiae	gi|3844836|gb|AAC71453.1|	gi|290752850|emb|CBH40825.1|
OG0000258	Mycoplasma_gallisepticum	gi|3844836|gb|AAC71453.1|	gi|284812059|gb|AAP56717.2|
OG0000259	Mycoplasma_hyopneumoniae	gi|3844798|gb|AAC71419.1|	gi|144227423|gb|AAZ44105.2|
OG0000259	Mycoplasma_agalactiae	gi|3844798|gb|AAC71419.1|	gi|290752853|emb|CBH40828.1|
OG0000259	Mycoplasma_gallisepticum	gi|3844798|gb|AAC71419.1|	gi|31541384|gb|AAP56685.1|
OG0000260	Mycoplasma_hyopneumoniae	gi|3844803|gb|AAC71423.1|	gi|71851496|gb|AAZ44104.1|
OG0000260	Mycoplasma_agalactiae	gi|3844803|gb|AAC71423.1|	gi|290752854|emb|CBH40829.1|
OG0000260	Mycoplasma_gallisepticum	gi|3844803|gb|AAC71423.1|	gi|31541403|gb|AAP56704.1|
OG0000261	Mycoplasma_hyopneumoniae	gi|1045949|gb|AAC71477.1|	gi|71851931|gb|AAZ44539.1|
OG0000261	Mycoplasma_agalactiae	gi|1045949|gb|AAC71477.1|	gi|290752855|emb|CBH40830.1|
OG0000261	Mycoplasma_gallisepticum	gi|1045949|gb|AAC71477.1|	gi|284811916|gb|AAP56486.2|
OG0000262	Mycoplasma_hyopneumoniae	gi|1046011|gb|AAC71533.1|	gi|71852053|gb|AAZ44661.1|
OG0000262	Mycoplasma_agalactiae	gi|1046011|gb|AAC71533.1|	gi|290752856|emb|CBH40831.1|
OG0000262	Mycoplasma_gallisepticum	gi|1046011|gb|AAC71533.1|	gi|31541585|gb|AAP56885.1|
OG0000264	Mycoplasma_hyopneumoniae	gi|3845057|gb|AAC72482.1|	gi|144227483|gb|AAZ44228.2|
OG0000264	Mycoplasma_agalactiae	gi|3845057|gb|AAC72482.1|	gi|290752872|emb|CBH40847.1|
OG0000264	Mycoplasma_gallisepticum	gi|3845057|gb|AAC72482.1|	gi|31541764|gb|AAP57063.1|
OG0000265	Mycoplasma_hyopneumoniae	gi|3844656|gb|AAC71263.1|	gi|144227639|gb|AAZ44534.2|
OG0000265	Mycoplasma_agalactiae	gi|3844656|gb|AAC71263.1|	gi|290752874|emb|CBH40849.1|
OG0000265	Mycoplasma_gallisepticum	gi|3844656|gb|AAC71263.1|	gi|284812134|gb|AAP56814.2|
OG0000266	Mycoplasma_hyopneumoniae	gi|1045721|gb|AAC71264.1|	gi|71851539|gb|AAZ44147.1|
OG0000266	Mycoplasma_agalactiae	gi|1045721|gb|AAC71264.1|	gi|290752876|emb|CBH40851.1|
OG0000266	Mycoplasma_gallisepticum	gi|1045721|gb|AAC71264.1|	gi|31541337|gb|AAP56638.1|
OG0000267	Mycoplasma_hyopneumoniae	gi|84626125|gb|AAC71522.2|	gi|71851965|gb|AAZ44573.1|
OG0000267	Mycoplasma_agalactiae	gi|84626125|gb|AAC71522.2|	gi|290752880|emb|CBH40855.1|
OG0000267	Mycoplasma_gallisepticum	gi|84626125|gb|AAC71522.2|	gi|31541361|gb|AAP56662.1|
OG0000268	Mycoplasma_hyopneumoniae	gi|3844676|gb|AAC71307.1|	gi|144227452|gb|AAZ44165.2|
OG0000268	Mycoplasma_agalactiae	gi|3844676|gb|AAC71307.1|	gi|290752887|emb|CBH40862.1|
OG0000268	Mycoplasma_gallisepticum	gi|3844676|gb|AAC71307.1|	gi|284812177|gb|AAP56882.2|
OG0000269	Mycoplasma_hyopneumoniae	gi|3844675|gb|AAC71306.1|	gi|71851558|gb|AAZ44166.1|
OG0000269	Mycoplasma_agalactiae	gi|3844675|gb|AAC71306.1|	gi|290752888|emb|CBH40863.1|
OG0000269	Mycoplasma_gallisepticum	gi|3844675|gb|AAC71306.1|	gi|31541583|gb|AAP56883.1|
OG0000270	Mycoplasma_hyopneumoniae	gi|3844674|gb|AAC71305.1|	gi|71851559|gb|AAZ44167.1|
OG0000270	Mycoplasma_agalactiae	gi|3844674|gb|AAC71305.1|	gi|290752889|emb|CBH40864.1|
OG0000270	Mycoplasma_gallisepticum	gi|3844674|gb|AAC71305.1|	gi|284812178|gb|AAP56884.2|
OG0000271	Mycoplasma_hyopneumoniae	gi|3844916|gb|AAC71560.1|	gi|144227714|gb|AAZ44678.2|
OG0000271	Mycoplasma_agalactiae	gi|3844916|gb|AAC71560.1|	gi|290752908|emb|CBH40883.1|
OG0000271	Mycoplasma_gallisepticum	gi|3844916|gb|AAC71560.1|	gi|31541620|gb|AAP56920.1|
OG0000272	Mycoplasma_hyopneumoniae	gi|84626139|gb|AAC71565.2|	gi|71852093|gb|AAZ44701.1|
OG0000272	Mycoplasma_agalactiae	gi|84626139|gb|AAC71565.2|	gi|290752912|emb|CBH40887.1|
OG0000272	Mycoplasma_gallisepticum	gi|84626139|gb|AAC71565.2|	gi|31541262|gb|AAP56564.1|
OG0000273	Mycoplasma_hyopneumoniae	gi|3844923|gb|AAC71566.1|	gi|71852094|gb|AAZ44702.1|
OG0000273	Mycoplasma_agalactiae	gi|3844923|gb|AAC71566.1|	gi|290752913|emb|CBH40888.1|
OG0000273	Mycoplasma_gallisepticum	gi|3844923|gb|AAC71566.1|	gi|284811968|gb|AAP56563.2|
OG0000274	Mycoplasma_hyopneumoniae	gi|3844948|gb|AAC71588.1|	gi|71852095|gb|AAZ44703.1|
OG0000274	Mycoplasma_agalactiae	gi|3844948|gb|AAC71588.1|	gi|290752942|emb|CBH40917.1|
OG0000274	Mycoplasma_gallisepticum	gi|3844948|gb|AAC71588.1|	gi|31541195|gb|AAP56497.1|
OG0000275	Mycoplasma_hyopneumoniae	gi|3844947|gb|AAC71587.1|	gi|71852096|gb|AAZ44704.1|
OG0000275	Mycoplasma_agalactiae	gi|3844947|gb|AAC71587.1|	gi|290752943|emb|CBH40918.1|
OG0000275	Mycoplasma_gallisepticum	gi|3844947|gb|AAC71587.1|	gi|31541194|gb|AAP56496.1|
OG0000276	Mycoplasma_hyopneumoniae	gi|3844726|gb|AAC71353.1|	gi|144227509|gb|AAZ44294.2|
OG0000276	Mycoplasma_agalactiae	gi|3844726|gb|AAC71353.1|	gi|290752945|emb|CBH40920.1|
OG0000276	Mycoplasma_gallisepticum	gi|3844726|gb|AAC71353.1|	gi|284811876|gb|AAP56425.2|
OG0000277	Mycoplasma_hyopneumoniae	gi|3844961|gb|AAC71600.1|	gi|71851626|gb|AAZ44234.1|
OG0000277	Mycoplasma_agalactiae	gi|3844961|gb|AAC71600.1|	gi|290752946|emb|CBH40921.1|
OG0000277	Mycoplasma_gallisepticum	gi|3844961|gb|AAC71600.1|	gi|31541551|gb|AAP56851.1|
OG0000278	Mycoplasma_hyopneumoniae	gi|3844939|gb|AAC71580.1|	gi|144227469|gb|AAZ44192.2|
OG0000278	Mycoplasma_agalactiae	gi|3844939|gb|AAC71580.1|	gi|290752948|emb|CBH40923.1|
OG0000278	Mycoplasma_gallisepticum	gi|3844939|gb|AAC71580.1|	gi|31541542|gb|AAP56842.1|
OG0000279	Mycoplasma_hyopneumoniae	gi|84626142|gb|AAC72466.2|	gi|71851761|gb|AAZ44369.1|
OG0000279	Mycoplasma_agalactiae	gi|84626142|gb|AAC72466.2|	gi|290752949|emb|CBH40924.1|
OG0000279	Mycoplasma_gallisepticum	gi|84626142|gb|AAC72466.2|	gi|284812232|gb|AAP56976.2|
OG0000280	Mycoplasma_hyopneumoniae	gi|3845038|gb|AAC72465.1|	gi|71851760|gb|AAZ44368.1|
OG0000280	Mycoplasma_agalactiae	gi|3845038|gb|AAC72465.1|	gi|290752950|emb|CBH40925.1|
OG0000280	Mycoplasma_gallisepticum	gi|3845038|gb|AAC72465.1|	gi|31541675|gb|AAP56975.1|
OG0000281	Mycoplasma_hyopneumoniae	gi|3845037|gb|AAC72464.1|	gi|71851759|gb|AAZ44367.1|
OG0000281	Mycoplasma_agalactiae	gi|3845037|gb|AAC72464.1|	gi|290752951|emb|CBH40926.1|
OG0000281	Mycoplasma_gallisepticum	gi|3845037|gb|AAC72464.1|	gi|284812231|gb|AAP56974.2|
OG0000282	Mycoplasma_hyopneumoniae	gi|3845022|gb|AAC72450.1|	gi|71851947|gb|AAZ44555.1|
OG0000282	Mycoplasma_agalactiae	gi|3845022|gb|AAC72450.1|	gi|290752954|emb|CBH40929.1|
OG0000282	Mycoplasma_gallisepticum	gi|3845022|gb|AAC72450.1|	gi|284811877|gb|AAP56430.2|
OG0000283	Mycoplasma_hyopneumoniae	gi|3844912|gb|AAC71556.1|	gi|71851949|gb|AAZ44557.1|
OG0000283	Mycoplasma_agalactiae	gi|3844912|gb|AAC71556.1|	gi|290752982|emb|CBH40958.1|
OG0000283	Mycoplasma_gallisepticum	gi|3844912|gb|AAC71556.1|	gi|284811912|gb|AAP56483.2|
OG0000284	Mycoplasma_hyopneumoniae	gi|3844860|gb|AAC71486.1|	gi|71851826|gb|AAZ44434.1|
OG0000284	Mycoplasma_agalactiae	gi|3844860|gb|AAC71486.1|	gi|290752989|emb|CBH40965.1|
OG0000284	Mycoplasma_gallisepticum	gi|3844860|gb|AAC71486.1|	gi|284811983|gb|AAP56585.2|
OG0000285	Mycoplasma_hyopneumoniae	gi|3844930|gb|AAC71572.1|	gi|71851940|gb|AAZ44548.1|
OG0000285	Mycoplasma_agalactiae	gi|3844930|gb|AAC71572.1|	gi|290753000|emb|CBH40976.1|
OG0000285	Mycoplasma_gallisepticum	gi|3844930|gb|AAC71572.1|	gi|284812026|gb|AAP56667.2|
OG0000286	Mycoplasma_hyopneumoniae	gi|3845013|gb|AAC71647.1|	gi|144227422|gb|AAZ44103.2|
OG0000286	Mycoplasma_agalactiae	gi|3845013|gb|AAC71647.1|	gi|290753003|emb|CBH40979.1|
OG0000286	Mycoplasma_gallisepticum	gi|3845013|gb|AAC71647.1|	gi|284811879|gb|AAP56433.2|
OG0000287	Mycoplasma_hyopneumoniae	gi|1045730|gb|AAC71273.1|	gi|144227539|gb|AAZ44344.2|
OG0000287	Mycoplasma_agalactiae	gi|1045730|gb|AAC71273.1|	gi|290753005|emb|CBH40981.1|
OG0000287	Mycoplasma_gallisepticum	gi|1045730|gb|AAC71273.1|	gi|31541577|gb|AAP56877.1|
OG0000288	Mycoplasma_hyopneumoniae	gi|1045675|gb|AAC71223.1|	gi|144227538|gb|AAZ44343.2|
OG0000288	Mycoplasma_agalactiae	gi|1045675|gb|AAC71223.1|	gi|290753006|emb|CBH40982.1|
OG0000288	Mycoplasma_gallisepticum	gi|1045675|gb|AAC71223.1|	gi|284812297|gb|AAP57070.2|
OG0000289	Mycoplasma_hyopneumoniae	gi|1045674|gb|AAC71222.1|	gi|144227537|gb|AAZ44342.2|
OG0000289	Mycoplasma_agalactiae	gi|1045674|gb|AAC71222.1|	gi|290753007|emb|CBH40983.1|
OG0000289	Mycoplasma_gallisepticum	gi|1045674|gb|AAC71222.1|	gi|284812298|gb|AAP57071.2|
OG0000290	Mycoplasma_hyopneumoniae	gi|3844724|gb|AAC71351.1|	gi|144227536|gb|AAZ44340.2|
OG0000290	Mycoplasma_agalactiae	gi|3844724|gb|AAC71351.1|	gi|290753009|emb|CBH40985.1|
OG0000290	Mycoplasma_gallisepticum	gi|3844724|gb|AAC71351.1|	gi|284812221|gb|AAP56950.2|
OG0000291	Mycoplasma_hyopneumoniae	gi|84626167|gb|AAC71650.2|	gi|144227535|gb|AAZ44339.2|
OG0000291	Mycoplasma_agalactiae	gi|84626167|gb|AAC71650.2|	gi|290753010|emb|CBH40986.1|
OG0000291	Mycoplasma_gallisepticum	gi|84626167|gb|AAC71650.2|	gi|284812222|gb|AAP56951.2|
OG0000292	Mycoplasma_hyopneumoniae	gi|84626143|gb|AAC72451.2|	gi|71852071|gb|AAZ44679.1|
OG0000292	Mycoplasma_agalactiae	gi|84626143|gb|AAC72451.2|	gi|290753012|emb|CBH40988.1|
OG0000292	Mycoplasma_gallisepticum	gi|84626143|gb|AAC72451.2|	gi|31541630|gb|AAP56930.1|
OG0000293	Mycoplasma_hyopneumoniae	gi|3844703|gb|AAC71332.1|	gi|144227550|gb|AAZ44364.2|
OG0000293	Mycoplasma_agalactiae	gi|3844703|gb|AAC71332.1|	gi|290753016|emb|CBH40992.1|
OG0000293	Mycoplasma_gallisepticum	gi|3844703|gb|AAC71332.1|	gi|284811987|gb|AAP56590.2|
OG0000294	Mycoplasma_hyopneumoniae	gi|84626148|gb|AAC72458.2|	gi|71852012|gb|AAZ44620.1|
OG0000294	Mycoplasma_agalactiae	gi|84626148|gb|AAC72458.2|	gi|290753017|emb|CBH40993.1|
OG0000294	Mycoplasma_gallisepticum	gi|84626148|gb|AAC72458.2|	gi|284811885|gb|AAP56441.2|
OG0000295	Mycoplasma_hyopneumoniae	gi|1045971|gb|AAC71498.1|	gi|144227471|gb|AAZ44202.2|
OG0000295	Mycoplasma_agalactiae	gi|1045971|gb|AAC71498.1|	gi|290753020|emb|CBH40996.1|
OG0000295	Mycoplasma_gallisepticum	gi|1045971|gb|AAC71498.1|	gi|31541237|gb|AAP56539.1|
OG0000296	Mycoplasma_hyopneumoniae	gi|3844735|gb|AAC71360.1|	gi|71852061|gb|AAZ44669.1|
OG0000296	Mycoplasma_agalactiae	gi|3844735|gb|AAC71360.1|	gi|290753021|emb|CBH40997.1|
OG0000296	Mycoplasma_gallisepticum	gi|3844735|gb|AAC71360.1|	gi|31541163|gb|AAP56465.1|
OG0000297	Mycoplasma_hyopneumoniae	gi|3844734|gb|AAC71359.1|	gi|144227706|gb|AAZ44670.2|
OG0000297	Mycoplasma_agalactiae	gi|3844734|gb|AAC71359.1|	gi|290753023|emb|CBH40999.1|
OG0000297	Mycoplasma_gallisepticum	gi|3844734|gb|AAC71359.1|	gi|284811901|gb|AAP56463.2|
OG0000298	Mycoplasma_hyopneumoniae	gi|3844644|gb|AAC71250.1|	gi|71852086|gb|AAZ44694.1|
OG0000298	Mycoplasma_agalactiae	gi|3844644|gb|AAC71250.1|	gi|290753025|emb|CBH41001.1|
OG0000298	Mycoplasma_gallisepticum	gi|3844644|gb|AAC71250.1|	gi|284812256|gb|AAP57013.2|
OG0000299	Mycoplasma_hyopneumoniae	gi|3844686|gb|AAC71316.1|	gi|71852144|gb|AAZ44752.1|
OG0000299	Mycoplasma_agalactiae	gi|3844686|gb|AAC71316.1|	gi|290753027|emb|CBH41003.1|
OG0000299	Mycoplasma_gallisepticum	gi|3844686|gb|AAC71316.1|	gi|284812224|gb|AAP56958.2|
OG0000300	Mycoplasma_hyopneumoniae	gi|3844731|gb|AAC71357.1|	gi|144227463|gb|AAZ44183.2|
OG0000300	Mycoplasma_agalactiae	gi|3844731|gb|AAC71357.1|	gi|290753049|emb|CBH41025.1|
OG0000300	Mycoplasma_gallisepticum	gi|3844731|gb|AAC71357.1|	gi|284811844|gb|AAP56370.2|
OG0000301	Mycoplasma_hyopneumoniae	gi|3844953|gb|AAC71593.1|	gi|144227621|gb|AAZ44506.2|
OG0000301	Mycoplasma_agalactiae	gi|3844953|gb|AAC71593.1|	gi|290753051|emb|CBH41027.1|
OG0000301	Mycoplasma_gallisepticum	gi|3844953|gb|AAC71593.1|	gi|284811911|gb|AAP56480.2|
OG0000302	Mycoplasma_hyopneumoniae	gi|3844688|gb|AAC71318.1|	gi|71851511|gb|AAZ44119.1|
OG0000302	Mycoplasma_agalactiae	gi|3844688|gb|AAC71318.1|	gi|290753053|emb|CBH41029.1|
OG0000302	Mycoplasma_gallisepticum	gi|3844688|gb|AAC71318.1|	gi|284812223|gb|AAP56956.2|
OG0000303	Mycoplasma_hyopneumoniae	gi|3844687|gb|AAC71317.1|	gi|144227429|gb|AAZ44118.2|
OG0000303	Mycoplasma_agalactiae	gi|3844687|gb|AAC71317.1|	gi|290753054|emb|CBH41030.1|
OG0000303	Mycoplasma_gallisepticum	gi|3844687|gb|AAC71317.1|	gi|31541657|gb|AAP56957.1|
OG0000304	Mycoplasma_hyopneumoniae	gi|3844814|gb|AAC71433.1|	gi|144227735|gb|AAZ44717.2|
OG0000304	Mycoplasma_agalactiae	gi|3844814|gb|AAC71433.1|	gi|290753057|emb|CBH41033.1|
OG0000304	Mycoplasma_gallisepticum	gi|3844814|gb|AAC71433.1|	gi|31541451|gb|AAP56752.1|
OG0000305	Mycoplasma_hyopneumoniae	gi|3844813|gb|AAC71432.1|	gi|144227734|gb|AAZ44716.2|
OG0000305	Mycoplasma_agalactiae	gi|3844813|gb|AAC71432.1|	gi|290753058|emb|CBH41034.1|
OG0000305	Mycoplasma_gallisepticum	gi|3844813|gb|AAC71432.1|	gi|284812088|gb|AAP56753.2|
OG0000306	Mycoplasma_hyopneumoniae	gi|3844812|gb|AAC71431.1|	gi|71852107|gb|AAZ44715.1|
OG0000306	Mycoplasma_agalactiae	gi|3844812|gb|AAC71431.1|	gi|290753059|emb|CBH41035.1|
OG0000306	Mycoplasma_gallisepticum	gi|3844812|gb|AAC71431.1|	gi|284812089|gb|AAP56754.2|
OG0000307	Mycoplasma_hyopneumoniae	gi|3844909|gb|AAC71553.1|	gi|144227450|gb|AAZ44160.2|
OG0000307	Mycoplasma_agalactiae	gi|3844909|gb|AAC71553.1|	gi|290753061|emb|CBH41037.1|
OG0000307	Mycoplasma_gallisepticum	gi|3844909|gb|AAC71553.1|	gi|284811930|gb|AAP56508.2|
OG0000308	Mycoplasma_hyopneumoniae	gi|3844910|gb|AAC71554.1|	gi|71851551|gb|AAZ44159.1|
OG0000308	Mycoplasma_agalactiae	gi|3844910|gb|AAC71554.1|	gi|290753062|emb|CBH41038.1|
OG0000308	Mycoplasma_gallisepticum	gi|3844910|gb|AAC71554.1|	gi|284811931|gb|AAP56509.2|
OG0000309	Mycoplasma_hyopneumoniae	gi|3844736|gb|AAC71361.1|	gi|71852060|gb|AAZ44668.1|
OG0000309	Mycoplasma_agalactiae	gi|3844736|gb|AAC71361.1|	gi|290753067|emb|CBH41043.1|
OG0000309	Mycoplasma_gallisepticum	gi|3844736|gb|AAC71361.1|	gi|284811902|gb|AAP56466.2|
OG0000310	Mycoplasma_hyopneumoniae	gi|84626163|gb|AAC72475.2|	gi|71851545|gb|AAZ44153.1|
OG0000310	Mycoplasma_agalactiae	gi|84626163|gb|AAC72475.2|	gi|290753068|emb|CBH41044.1|
OG0000310	Mycoplasma_gallisepticum	gi|84626163|gb|AAC72475.2|	gi|284812014|gb|AAP56639.2|
OG0000311	Mycoplasma_hyopneumoniae	gi|1045951|gb|AAC71479.1|	gi|144227482|gb|AAZ44227.2|
OG0000311	Mycoplasma_agalactiae	gi|1045951|gb|AAC71479.1|	gi|290753072|emb|CBH41048.1|
OG0000311	Mycoplasma_gallisepticum	gi|1045951|gb|AAC71479.1|	gi|284811918|gb|AAP56488.2|
OG0000312	Mycoplasma_hyopneumoniae	gi|1045950|gb|AAC71478.1|	gi|71851618|gb|AAZ44226.1|
OG0000312	Mycoplasma_agalactiae	gi|1045950|gb|AAC71478.1|	gi|290753073|emb|CBH41049.1|
OG0000312	Mycoplasma_gallisepticum	gi|1045950|gb|AAC71478.1|	gi|284811917|gb|AAP56487.2|
OG0000313	Mycoplasma_hyopneumoniae	gi|1045733|gb|AAC71276.1|	gi|71851744|gb|AAZ44352.1|
OG0000313	Mycoplasma_agalactiae	gi|1045733|gb|AAC71276.1|	gi|290753077|emb|CBH41053.1|
OG0000313	Mycoplasma_gallisepticum	gi|1045733|gb|AAC71276.1|	gi|284812119|gb|AAP56793.2|
OG0000314	Mycoplasma_hyopneumoniae	gi|3845051|gb|AAC72477.1|	gi|144227508|gb|AAZ44293.2|
OG0000314	Mycoplasma_agalactiae	gi|3845051|gb|AAC72477.1|	gi|290753083|emb|CBH41059.1|
OG0000314	Mycoplasma_gallisepticum	gi|3845051|gb|AAC72477.1|	gi|284811848|gb|AAP56376.2|
OG0000315	Mycoplasma_hyopneumoniae	gi|3844671|gb|AAC71302.1|	gi|144227507|gb|AAZ44292.2|
OG0000315	Mycoplasma_agalactiae	gi|3844671|gb|AAC71302.1|	gi|290753084|emb|CBH41060.1|
OG0000315	Mycoplasma_gallisepticum	gi|3844671|gb|AAC71302.1|	gi|31541717|gb|AAP57017.1|
OG0000316	Mycoplasma_hyopneumoniae	gi|3844670|gb|AAC71301.1|	gi|71851683|gb|AAZ44291.1|
OG0000316	Mycoplasma_agalactiae	gi|3844670|gb|AAC71301.1|	gi|290753085|emb|CBH41061.1|
OG0000316	Mycoplasma_gallisepticum	gi|3844670|gb|AAC71301.1|	gi|284812257|gb|AAP57016.2|
OG0000317	Mycoplasma_gallisepticum	gi|84626170|gb|AAC71411.2|	gi|31541229|gb|AAP56531.1|
OG0000317	Mycoplasma_gallisepticum	gi|3844788|gb|AAC71410.1|	gi|284811947|gb|AAP56533.2|
OG0000318	Mycoplasma_hyopneumoniae	gi|84626145|gb|AAC71447.2|, gi|3844828|gb|AAC71446.1|	gi|71851563|gb|AAZ44171.1|
OG0000318	Mycoplasma_gallisepticum	gi|84626145|gb|AAC71447.2|, gi|3844828|gb|AAC71446.1|	gi|31541241|gb|AAP56543.1|
OG0000319	Mycoplasma_gallisepticum	gi|3844986|gb|AAC71623.1|, gi|1045743|gb|AAC71286.1|, gi|1045742|gb|AAC71285.1|	gi|284812020|gb|AAP56647.2|
OG0000320	Mycoplasma_gallisepticum	gi|3844975|gb|AAC71613.1|	gi|31541553|gb|AAP56853.1|
OG0000320	Mycoplasma_gallisepticum	gi|1046012|gb|AAC71534.1|	gi|284812192|gb|AAP56901.2|
OG0000331	Mycoplasma_gallisepticum	gi|3844657|gb|AAC71272.1|	gi|284812246|gb|ADB96894.1|
OG0000331	Mycoplasma_agalactiae	gi|3844657|gb|AAC71272.1|	gi|290752307|emb|CBH40278.1|
OG0000332	Mycoplasma_gallisepticum	gi|3844915|gb|AAC71559.1|	gi|284812206|gb|AAP56922.2|
OG0000332	Mycoplasma_agalactiae	gi|3844915|gb|AAC71559.1|	gi|290752322|emb|CBH40293.1|
OG0000334	Mycoplasma_gallisepticum	gi|3844919|gb|AAC71562.1|	gi|31541329|gb|AAP56630.1|
OG0000334	Mycoplasma_agalactiae	gi|3844919|gb|AAC71562.1|	gi|290752338|emb|CBH40309.1|
OG0000336	Mycoplasma_gallisepticum	gi|3844672|gb|AAC71303.1|	gi|284812293|gb|AAP57066.2|
OG0000336	Mycoplasma_agalactiae	gi|3844672|gb|AAC71303.1|	gi|290752356|emb|CBH40327.1|
OG0000338	Mycoplasma_agalactiae	gi|3844779|gb|AAC71402.1|	gi|290752390|emb|CBH40361.1|
OG0000338	Mycoplasma_hyopneumoniae	gi|3844779|gb|AAC71402.1|	gi|144227677|gb|AAZ44608.2|
OG0000339	Mycoplasma_gallisepticum	gi|3844960|gb|AAC71599.1|	gi|284812155|gb|AAP56850.2|
OG0000339	Mycoplasma_agalactiae	gi|3844960|gb|AAC71599.1|	gi|290752397|emb|CBH40368.1|
OG0000340	Mycoplasma_agalactiae	gi|84626149|gb|AAC71229.2|	gi|290752402|emb|CBH40373.1|
OG0000340	Mycoplasma_gallisepticum	gi|84626149|gb|AAC71229.2|	gi|284812292|gb|AAP57064.2|
OG0000345	Mycoplasma_gallisepticum	gi|84626150|gb|AAC71324.2|	gi|284812240|gb|AAP56991.2|
OG0000345	Mycoplasma_agalactiae	gi|84626150|gb|AAC71324.2|	gi|290752438|emb|CBH40409.1|
OG0000347	Mycoplasma_agalactiae	gi|3844697|gb|AAC71326.1|	gi|290752468|emb|CBH40440.1|
OG0000347	Mycoplasma_gallisepticum	gi|3844697|gb|AAC71326.1|	gi|284812239|gb|AAP56989.2|
OG0000348	Mycoplasma_gallisepticum	gi|84626164|gb|AAC71327.2|	gi|284812238|gb|AAP56988.2|
OG0000348	Mycoplasma_agalactiae	gi|84626164|gb|AAC71327.2|	gi|290752469|emb|CBH40441.1|
OG0000372	Mycoplasma_agalactiae	gi|1045938|gb|AAC71467.1|	gi|290752648|emb|CBH40621.1|
OG0000372	Mycoplasma_gallisepticum	gi|1045938|gb|AAC71467.1|	gi|284812076|gb|AAP56736.2|
OG0000375	Mycoplasma_agalactiae	gi|3844955|gb|AAC71595.1|	gi|290752700|emb|CBH40674.1|
OG0000375	Mycoplasma_gallisepticum	gi|3844955|gb|AAC71595.1|	gi|31541544|gb|AAP56844.1|
OG0000376	Mycoplasma_agalactiae	gi|3844956|gb|AAC71596.1|	gi|290752701|emb|CBH40675.1|
OG0000376	Mycoplasma_gallisepticum	gi|3844956|gb|AAC71596.1|	gi|284812154|gb|AAP56845.2|
OG0000382	Mycoplasma_gallisepticum	gi|1045726|gb|AAC71269.1|	gi|284812211|gb|AAP56932.2|
OG0000382	Mycoplasma_agalactiae	gi|1045726|gb|AAC71269.1|	gi|290752747|emb|CBH40722.1|
OG0000384	Mycoplasma_gallisepticum	gi|1045936|gb|AAC71465.1|	gi|284812069|gb|AAP56729.2|
OG0000384	Mycoplasma_agalactiae	gi|1045936|gb|AAC71465.1|	gi|290752869|emb|CBH40844.1|
OG0000386	Mycoplasma_agalactiae	gi|3844952|gb|AAC71592.1|	gi|290752952|emb|CBH40927.1|
OG0000386	Mycoplasma_gallisepticum	gi|3844952|gb|AAC71592.1|	gi|284811910|gb|AAP56479.2|
OG0000389	Mycoplasma_agalactiae	gi|3844972|gb|AAC71610.1|	gi|290752983|emb|CBH40959.1|
OG0000389	Mycoplasma_hyopneumoniae	gi|3844972|gb|AAC71610.1|	gi|71851948|gb|AAZ44556.1|
OG0000395	Mycoplasma_agalactiae	gi|3844819|gb|AAC71438.1|	gi|290753060|emb|CBH41036.1|
OG0000395	Mycoplasma_gallisepticum	gi|3844819|gb|AAC71438.1|	gi|284812090|gb|AAP56755.2|
OG0000396	Mycoplasma_agalactiae	gi|1045983|gb|AAC71509.1|	gi|290753071|emb|CBH41047.1|
OG0000396	Mycoplasma_gallisepticum	gi|1045983|gb|AAC71509.1|	gi|284811974|gb|AAP56575.2|
OG0000397	Mycoplasma_hyopneumoniae	gi|3844649|gb|AAC71255.1|	gi|144227708|gb|AAZ44672.2|
OG0000397	Mycoplasma_gallisepticum	gi|3844649|gb|AAC71255.1|	gi|284811842|gb|AAP56366.2|
OG0000398	Mycoplasma_gallisepticum	gi|3844834|gb|AAC71452.1|	gi|31541091|gb|AAP56393.1|
OG0000398	Mycoplasma_hyopneumoniae	gi|3844834|gb|AAC71452.1|	gi|144227518|gb|AAZ44306.2|
OG0000399	Mycoplasma_hyopneumoniae	gi|3844833|gb|AAC71451.1|	gi|71851699|gb|AAZ44307.1|
OG0000399	Mycoplasma_gallisepticum	gi|3844833|gb|AAC71451.1|	gi|284811861|gb|AAP56394.2|
OG0000400	Mycoplasma_hyopneumoniae	gi|3844832|gb|AAC71450.1|	gi|144227519|gb|AAZ44308.2|
OG0000400	Mycoplasma_gallisepticum	gi|3844832|gb|AAC71450.1|	gi|31541093|gb|AAP56395.1|
OG0000401	Mycoplasma_gallisepticum	gi|3845006|gb|AAC71641.1|, gi|84626165|gb|ABC59634.1|	gi|284811875|gb|AAP56424.2|
OG0000402	Mycoplasma_gallisepticum	gi|1045745|gb|AAC71287.1|	gi|284811914|gb|AAP56484.2|
OG0000402	Mycoplasma_hyopneumoniae	gi|1045745|gb|AAC71287.1|	gi|144227705|gb|AAZ44659.2|
OG0000403	Mycoplasma_gallisepticum	gi|3844937|gb|AAC71578.1|	gi|31541191|gb|AAP56493.1|, gi|284812101|gb|AAP56771.2|
OG0000406	Mycoplasma_gallisepticum	gi|3844665|gb|AAC71293.1|	gi|284811970|gb|AAP56566.2|, gi|284811969|gb|AAP56565.2|
OG0000407	Mycoplasma_hyopneumoniae	gi|3844945|gb|AAC71586.1|	gi|71852004|gb|AAZ44612.1|
OG0000407	Mycoplasma_gallisepticum	gi|3844945|gb|AAC71586.1|	gi|284812006|gb|AAP56624.2|
OG0000408	Mycoplasma_gallisepticum	gi|3844846|gb|AAC71463.1|, gi|3844845|gb|AAC71462.1|	gi|284812074|gb|AAP56734.2|
OG0000410	Mycoplasma_hyopneumoniae	gi|84626138|gb|ABC59632.1|	gi|144227434|gb|ABO93469.1|
OG0000410	Mycoplasma_gallisepticum	gi|84626138|gb|ABC59632.1|	gi|284812131|gb|AAP56809.2|
OG0000411	Mycoplasma_hyopneumoniae	gi|3844815|gb|AAC71434.1|	gi|71851591|gb|AAZ44199.1|
OG0000411	Mycoplasma_gallisepticum	gi|3844815|gb|AAC71434.1|	gi|284812146|gb|AAP56830.2|
OG0000412	Mycoplasma_gallisepticum	gi|3844887|gb|AAC71530.1|, gi|3845018|gb|AAC72446.1|	gi|284812157|gb|AAP56854.2|
OG0000413	Mycoplasma_gallisepticum	gi|3844890|gb|AAC71535.1|	gi|31541609|gb|AAP56909.1|, gi|284812200|gb|AAP56914.2|
OG0000414	Mycoplasma_gallisepticum	gi|3844893|gb|AAC71538.1|	gi|284812202|gb|AAP56917.2|
OG0000414	Mycoplasma_hyopneumoniae	gi|3844893|gb|AAC71538.1|	gi|144227595|gb|AAZ44448.2|
OG0000415	Mycoplasma_gallisepticum	gi|3844770|gb|AAC71393.1|	gi|31541681|gb|AAP56981.1|
OG0000415	Mycoplasma_hyopneumoniae	gi|3844770|gb|AAC71393.1|	gi|71851650|gb|AAZ44258.1|
OG0000417	Mycoplasma_gallisepticum	gi|1045736|gb|AAC71279.1|	gi|284812258|gb|AAP57018.2|
OG0000417	Mycoplasma_hyopneumoniae	gi|1045736|gb|AAC71279.1|	gi|71851967|gb|AAZ44575.1|
OG0000418	Mycoplasma_hyopneumoniae	gi|3844872|gb|AAC71514.1|, gi|3844974|gb|AAC71612.1|	gi|71851778|gb|AAZ44386.1|
OG0000442	Mycoplasma_agalactiae	gi|3844629|gb|AAC71236.1|	gi|290752336|emb|CBH40307.1|
OG0000483	Mycoplasma_agalactiae	gi|3845047|gb|AAC72473.1|	gi|290752718|emb|CBH40692.1|
OG0000510	Mycoplasma_gallisepticum	gi|3845067|gb|AAC72491.1|	gi|284811831|gb|AAP56351.2|
OG0000511	Mycoplasma_gallisepticum	gi|3845005|gb|AAC71640.1|	gi|31541087|gb|AAP56389.1|
OG0000512	Mycoplasma_gallisepticum	gi|3845004|gb|AAC71639.1|	gi|284811858|gb|AAP56390.2|
OG0000513	Mycoplasma_gallisepticum	gi|3845002|gb|AAC71637.1|	gi|284811860|gb|AAP56392.2|
OG0000514	Mycoplasma_gallisepticum	gi|3844830|gb|AAC71448.1|	gi|31541094|gb|AAP56396.1|
OG0000515	Mycoplasma_gallisepticum	gi|3844831|gb|AAC71449.1|	gi|284811862|gb|AAP56397.2|
OG0000516	Mycoplasma_gallisepticum	gi|3844725|gb|AAC71352.1|	gi|31541097|gb|AAP56399.1|
OG0000517	Mycoplasma_gallisepticum	gi|3845021|gb|AAC72449.1|	gi|284811878|gb|AAP56431.2|
OG0000518	Mycoplasma_gallisepticum	gi|3845012|gb|AAC71646.1|	gi|31541134|gb|AAP56436.1|
OG0000519	Mycoplasma_gallisepticum	gi|84626140|gb|ABC59633.1|	gi|31541162|gb|AAP56464.1|
OG0000520	Mycoplasma_gallisepticum	gi|3844737|gb|AAC71362.1|	gi|284811904|gb|AAP56468.2|
OG0000522	Mycoplasma_gallisepticum	gi|3844950|gb|AAC71590.1|	gi|284811908|gb|AAP56477.2|
OG0000523	Mycoplasma_gallisepticum	gi|3844951|gb|AAC71591.1|	gi|284811909|gb|AAP56478.2|
OG0000527	Mycoplasma_gallisepticum	gi|3844931|gb|AAC71573.1|	gi|284811938|gb|AAP56517.2|
OG0000528	Mycoplasma_gallisepticum	gi|3844965|gb|AAC71604.1|	gi|31541221|gb|AAP56523.1|
OG0000529	Mycoplasma_gallisepticum	gi|3844964|gb|AAC71603.1|	gi|284811941|gb|AAP56524.2|
OG0000530	Mycoplasma_gallisepticum	gi|3844962|gb|AAC71601.1|	gi|284811942|gb|AAP56526.2|
OG0000531	Mycoplasma_gallisepticum	gi|1045973|gb|AAC71500.1|	gi|284811949|gb|AAP56536.2|
OG0000532	Mycoplasma_gallisepticum	gi|1045972|gb|AAC71499.1|	gi|284811950|gb|AAP56538.2|
OG0000534	Mycoplasma_gallisepticum	gi|3844808|gb|AAC71428.1|	gi|31541258|gb|AAP56560.1|
OG0000535	Mycoplasma_gallisepticum	gi|1045980|gb|AAC71506.1|	gi|284811972|gb|AAP56572.2|
OG0000536	Mycoplasma_gallisepticum	gi|1045981|gb|AAC71507.1|	gi|31541272|gb|AAP56573.1|
OG0000537	Mycoplasma_gallisepticum	gi|1045982|gb|AAC71508.1|	gi|284811973|gb|AAP56574.2|
OG0000538	Mycoplasma_gallisepticum	gi|1045977|gb|AAC71503.1|	gi|31541293|gb|AAP56594.1|
OG0000542	Mycoplasma_gallisepticum	gi|3844925|gb|AAC71567.1|	gi|284812002|gb|AAP56617.2|
OG0000544	Mycoplasma_gallisepticum	gi|3845048|gb|AAC72474.1|	gi|284812013|gb|AAP56637.2|
OG0000545	Mycoplasma_gallisepticum	gi|3844990|gb|AAC71626.1|	gi|31541356|gb|AAP56657.1|
OG0000547	Mycoplasma_gallisepticum	gi|3844809|gb|AAC71429.1|	gi|284812025|gb|AAP56664.2|
OG0000548	Mycoplasma_gallisepticum	gi|84626132|gb|ABC59631.1|	gi|31541364|gb|AAP56665.1|
OG0000549	Mycoplasma_gallisepticum	gi|3844818|gb|AAC71437.1|	gi|31541370|gb|AAP56671.1|
OG0000552	Mycoplasma_gallisepticum	gi|3844837|gb|AAC71454.1|	gi|284812060|gb|AAP56718.2|
OG0000553	Mycoplasma_gallisepticum	gi|3844840|gb|AAC71457.1|	gi|284812061|gb|AAP56721.2|
OG0000554	Mycoplasma_gallisepticum	gi|1045939|gb|AAC71468.1|	gi|284812077|gb|AAP56738.2|
OG0000556	Mycoplasma_gallisepticum	gi|3844971|gb|AAC71609.1|	gi|31541498|gb|AAP56798.1|
OG0000557	Mycoplasma_gallisepticum	gi|3844978|gb|AAC71616.1|	gi|284812125|gb|AAP56801.2|
OG0000558	Mycoplasma_gallisepticum	gi|3844689|gb|AAC71319.1|	gi|31541512|gb|AAP56812.1|
OG0000559	Mycoplasma_gallisepticum	gi|3844654|gb|AAC71261.1|	gi|284812136|gb|AAP56816.2|
OG0000560	Mycoplasma_gallisepticum	gi|3844721|gb|AAC71348.1|	gi|284812140|gb|AAP56821.2|
OG0000561	Mycoplasma_gallisepticum	gi|84626131|gb|AAC71620.2|	gi|284812145|gb|AAP56827.2|
OG0000562	Mycoplasma_gallisepticum	gi|3844984|gb|AAC71621.1|	gi|31541528|gb|AAP56828.1|
OG0000563	Mycoplasma_gallisepticum	gi|3844959|gb|AAC71598.1|	gi|31541549|gb|AAP56849.1|
OG0000564	Mycoplasma_gallisepticum	gi|3844638|gb|AAC71244.1|	gi|31541558|gb|AAP56858.1|
OG0000565	Mycoplasma_gallisepticum	gi|3844898|gb|AAC71543.1|	gi|284812164|gb|AAP56866.2|
OG0000566	Mycoplasma_gallisepticum	gi|3845020|gb|AAC72448.1|	gi|284812173|gb|AAP56879.2|
OG0000567	Mycoplasma_gallisepticum	gi|3844885|gb|AAC71528.1|	gi|31541590|gb|AAP56890.1|
OG0000568	Mycoplasma_gallisepticum	gi|3844719|gb|AAC71346.1|	gi|31541595|gb|AAP56895.1|
OG0000569	Mycoplasma_gallisepticum	gi|3844718|gb|AAC71345.1|	gi|284812188|gb|AAP56896.2|
OG0000571	Mycoplasma_gallisepticum	gi|3844892|gb|AAC71537.1|	gi|284812201|gb|AAP56916.2|
OG0000572	Mycoplasma_gallisepticum	gi|1045731|gb|AAC71274.1|	gi|284812208|gb|AAP56924.2|
OG0000573	Mycoplasma_gallisepticum	gi|3844778|gb|AAC71401.1|	gi|284812210|gb|AAP56926.2|
OG0000574	Mycoplasma_gallisepticum	gi|1045712|gb|AAC71256.1|	gi|31541648|gb|AAP56948.1|
OG0000575	Mycoplasma_gallisepticum	gi|3844647|gb|AAC71253.1|	gi|284812227|gb|AAP56967.2|
OG0000576	Mycoplasma_gallisepticum	gi|3844875|gb|AAC71517.1|	gi|284812228|gb|AAP56969.2|
OG0000577	Mycoplasma_gallisepticum	gi|1045728|gb|AAC71271.1|	gi|284812245|gb|AAP56998.2|
OG0000578	Mycoplasma_gallisepticum	gi|3844631|gb|AAC71238.1|	gi|284812254|gb|AAP57010.2|
OG0000581	Mycoplasma_gallisepticum	gi|84626126|gb|AAC71234.2|	gi|284812282|gb|AAP57052.2|
OG0000582	Mycoplasma_gallisepticum	gi|84626158|gb|AAC72481.2|	gi|31541763|gb|AAP57062.1|
OG0000583	Mycoplasma_gallisepticum	gi|84626152|gb|AAC71218.2|	gi|284812300|gb|AAP57075.2|
OG0000584	Mycoplasma_gallisepticum	gi|84626162|gb|AAC71217.2|	gi|284812301|gb|AAP57076.2|
OG0000587	Mycoplasma_hyopneumoniae	gi|3844705|gb|AAC71333.1|	gi|71851627|gb|AAZ44235.1|
OG0000588	Mycoplasma_hyopneumoniae	gi|3844873|gb|AAC71515.1|	gi|71851777|gb|AAZ44385.1|
